fixed acidity,volatile acidity,citric acid,residual sugar,chlorides,free sulfur dioxide,total sulfur dioxide,density,pH,sulphates,alcohol,quality
8.94,0.507,0.29,0.9,0.031,7.8,21.9,0.9993,3.44,0.62,9.89,5
8.42,0.681,0.19,3.33,0.012,1.0,53.6,0.9953,3.36,1.1,11.77,6
9.65,0.362,0.35,2.24,0.159,21.4,62.2,0.9968,3.46,0.68,9.69,5
5.63,0.278,0.5,0.9,0.099,6.3,19.1,0.9952,3.5,0.72,10.9,6
6.49,0.474,0.59,6.77,0.142,19.3,44.9,0.9972,3.41,0.67,11.01,5
7.84,0.541,0.13,0.9,0.131,7.4,66.8,0.9973,3.2,0.59,10.66,5
5.85,0.307,0.48,1.15,0.115,23.3,80.4,0.9985,3.26,0.82,9.03,5
7.61,0.28,0.37,3.79,0.072,17.8,21.5,0.9992,3.6,0.46,10.77,6
7.66,0.563,0.46,0.9,0.11,1.0,23.7,0.998,3.36,0.33,9.95,5
10.53,0.394,0.25,1.83,0.154,19.9,88.3,0.9951,3.34,,12.22,6
8.54,0.269,0.23,2.88,0.091,12.9,41.5,0.9941,3.18,0.8,11.62,6
10.05,0.704,0.45,0.9,0.176,30.8,66.4,0.9977,3.3,0.56,9.99,5
8.81,0.416,0.45,1.07,0.017,20.0,72.6,0.9996,3.42,0.69,12.29,6
7.39,0.737,0.57,0.9,0.012,23.8,29.2,0.9967,3.31,0.45,10.77,6
8.53,0.535,0.31,0.9,0.133,8.4,21.6,0.9938,3.23,0.84,8.61,5
9.54,0.583,0.25,0.9,0.049,7.6,33.1,1.0007,3.27,,10.32,6
10.33,0.492,0.0,2.61,0.183,15.6,71.7,0.9976,3.49,0.66,12.15,5
8.08,0.12,0.0,1.19,0.15,12.1,64.5,0.997,3.41,0.69,9.52,6
5.5,0.325,0.2,0.9,0.162,29.9,76.3,0.9945,3.39,0.42,10.33,5
5.38,0.507,0.06,3.27,0.129,14.3,43.5,0.9967,3.38,0.43,8.94,4
7.75,0.596,0.42,1.54,0.044,3.0,57.6,0.998,3.13,0.64,9.11,5
4.6,0.208,0.02,2.41,0.012,7.2,36.2,0.9977,3.35,0.75,9.51,5
11.35,0.52,0.17,0.9,0.157,26.0,69.6,0.9954,3.47,0.76,9.09,5
9.31,0.328,0.18,0.9,0.017,14.1,64.4,0.9966,3.27,0.6,9.74,6
7.22,0.572,0.5,1.77,0.161,13.6,79.5,0.9955,3.46,0.79,12.26,6
6.41,0.527,0.15,1.62,0.118,27.0,57.9,0.9999,,0.9,10.36,5
10.05,0.664,0.36,4.74,0.083,6.3,31.0,0.9984,3.43,0.64,11.24,6
6.41,0.722,0.31,2.73,0.108,1.0,58.9,0.9957,3.32,0.71,11.57,5
6.57,0.613,0.44,0.9,0.109,6.9,66.4,0.9945,3.44,0.62,9.21,5
7.0,0.685,0.43,2.6,0.077,18.4,39.6,0.9972,3.09,0.64,9.51,5
8.49,0.467,0.26,0.9,0.154,13.3,23.2,0.9958,3.31,0.69,11.22,6
9.36,1.038,0.0,3.46,0.152,1.0,57.4,0.9959,3.42,0.95,9.72,5
10.33,0.311,0.23,2.9,0.094,26.6,27.6,0.9945,3.35,0.82,11.15,6
10.08,0.435,0.27,0.9,,17.6,18.6,0.9948,3.47,0.8,12.19,6
8.3,0.692,0.32,1.33,0.148,20.0,46.6,0.997,3.29,0.58,8.84,4
10.03,0.665,0.13,0.9,0.012,20.3,52.4,0.9962,3.23,0.51,10.02,5
7.16,0.618,0.49,6.55,0.108,2.3,11.1,1.0014,3.06,0.73,10.19,7
5.2,0.652,0.27,0.9,0.122,19.1,53.5,0.9978,3.27,0.87,9.84,5
7.16,0.155,0.1,1.47,0.048,25.4,60.8,0.9945,3.39,0.95,9.75,7
6.93,0.816,0.18,2.49,0.133,27.9,48.3,0.9938,3.42,0.33,9.87,5
7.23,0.493,0.64,0.9,0.086,23.5,94.1,0.9975,3.1,1.08,10.38,5
6.67,0.754,0.4,1.83,0.061,21.3,59.9,0.9959,3.49,0.73,10.58,6
7.52,0.164,0.47,2.73,0.132,1.0,53.6,0.9992,3.16,0.81,11.42,6
9.35,0.576,0.07,11.55,0.036,15.7,16.7,0.9972,3.29,0.36,10.37,6
11.22,0.429,0.14,0.9,0.128,5.9,6.9,0.9929,3.22,0.62,11.6,6
5.37,0.633,0.14,0.9,0.012,29.4,68.6,0.9948,3.37,0.8,9.77,5
6.11,0.587,0.31,0.9,0.1,27.8,94.9,0.9954,3.32,0.46,9.11,4
6.95,0.596,0.24,5.58,0.089,5.9,15.7,0.9975,3.41,0.33,10.07,5
9.6,0.339,0.18,2.09,0.062,15.4,48.3,0.9947,3.59,0.72,10.89,5
7.95,0.52,0.2,0.9,0.105,18.5,23.8,0.997,3.37,0.65,11.32,6
7.07,0.498,0.12,2.96,0.083,25.4,41.0,0.9942,3.22,0.91,11.96,6
9.52,0.619,0.24,0.9,0.137,1.0,34.9,0.9967,3.38,0.63,10.71,5
9.93,0.708,0.48,0.9,0.113,1.0,21.1,0.9974,3.6,0.65,11.21,5
8.27,0.557,0.0,2.31,0.108,16.3,20.2,0.9995,3.41,0.78,11.86,6
6.91,0.3,0.34,3.86,0.101,1.0,4.4,0.9972,3.45,0.84,9.57,5
8.76,0.549,0.53,3.92,0.065,17.6,18.6,0.9951,3.07,0.54,10.18,5
7.9,1.0,0.24,3.32,0.073,22.1,61.6,0.9995,3.37,0.82,13.36,6
7.89,0.826,0.17,3.26,0.099,28.9,70.8,0.9964,3.27,0.57,11.32,6
7.43,0.12,0.45,3.86,0.079,9.4,51.2,0.9982,3.21,0.66,10.95,6
9.87,0.541,0.08,0.9,0.139,17.6,29.4,0.9955,3.31,0.77,11.36,6
8.72,0.698,0.27,4.42,0.091,22.7,72.9,0.9969,3.33,0.8,8.97,4
10.06,0.497,0.07,1.91,0.105,3.6,47.7,0.9952,3.22,0.71,9.71,5
10.57,0.447,0.0,2.21,0.021,25.5,55.7,0.9973,3.34,0.48,9.32,5
9.08,0.482,0.24,1.83,0.131,18.8,45.6,0.9982,3.28,0.34,10.85,5
7.44,0.629,0.03,0.9,0.06,9.5,26.6,0.9958,3.42,0.63,10.01,6
10.07,0.323,0.27,1.63,0.038,17.4,51.2,0.9957,3.34,0.83,10.5,6
9.09,0.744,0.48,0.9,0.164,14.4,76.8,0.9974,3.37,0.74,10.07,5
12.73,0.52,0.62,0.9,0.12,24.1,76.8,0.9951,3.46,0.7,8.66,5
8.83,0.362,0.29,1.6,0.133,12.1,37.0,0.9938,3.39,0.66,11.35,7
9.49,0.732,0.46,2.2,0.108,18.3,59.1,0.9974,3.31,0.71,8.51,5
8.79,0.252,0.35,0.9,0.083,9.4,17.4,0.9965,3.0,0.49,9.62,4
8.13,0.43,0.2,2.03,0.074,6.1,50.7,0.9965,3.39,0.79,8.99,6
7.86,0.427,0.0,0.9,0.124,17.7,31.1,0.9977,3.17,0.8,9.46,5
8.8,0.916,0.58,0.9,0.14,6.5,50.3,0.998,3.3,0.6,10.62,4
9.19,0.407,0.07,2.18,0.084,24.3,113.7,0.9964,3.37,0.73,11.72,7
10.26,0.142,0.53,1.73,0.184,22.1,40.7,0.9946,3.51,0.37,8.73,6
8.83,0.425,0.37,1.71,0.078,7.9,96.3,0.9955,3.59,0.69,9.8,5
7.51,0.612,0.08,6.31,0.021,18.1,58.0,0.9978,3.17,0.64,8.53,5
7.74,0.671,0.33,4.47,0.012,7.8,22.8,0.997,3.11,0.87,9.75,6
6.05,0.94,0.68,2.63,0.012,1.0,15.1,0.9957,3.36,0.63,10.48,5
11.12,0.783,0.56,4.37,0.068,9.6,86.9,0.9952,3.35,,11.22,6
7.38,0.564,0.17,0.9,0.076,15.4,55.2,0.9979,3.13,0.59,8.4,5
9.94,0.37,0.13,4.52,0.119,21.4,40.1,0.9963,3.31,0.33,10.99,5
8.77,0.822,0.29,1.49,0.086,17.5,43.4,0.9981,3.4,0.62,9.36,4
8.82,0.464,0.24,2.23,0.127,25.4,64.0,0.9984,3.13,0.69,9.1,6
8.1,0.412,0.5,1.85,0.089,5.6,35.4,0.9961,3.16,0.69,10.47,6
6.96,0.455,0.41,2.81,0.088,11.9,48.9,0.9985,3.21,0.69,11.07,6
6.65,0.305,0.0,1.55,0.06,33.2,98.6,0.997,3.28,0.57,10.29,6
11.24,0.446,0.36,1.96,0.154,1.0,8.4,0.9972,3.41,0.6,9.23,5
8.49,0.488,0.24,1.68,0.015,11.2,54.0,0.9925,3.26,0.47,10.29,6
10.21,0.662,0.28,9.09,0.101,4.6,33.2,0.9949,3.32,0.33,9.62,6
10.65,0.46,0.32,0.9,0.078,13.8,33.9,0.995,3.65,0.64,11.05,5
7.6,0.302,0.5,1.28,0.124,11.3,62.8,0.9961,3.17,0.53,11.55,6
9.02,0.241,0.46,2.11,0.086,22.2,23.2,0.9969,3.21,0.84,11.48,6
8.38,0.568,0.13,1.85,0.087,18.6,19.6,0.997,3.41,0.33,10.38,5
6.33,0.543,0.26,0.9,0.074,2.2,36.7,0.9972,3.46,0.71,11.6,7
7.98,0.43,0.18,2.66,0.152,9.7,37.0,0.9954,3.37,1.02,9.31,7
9.3,0.446,0.0,1.22,0.087,15.9,18.8,0.998,3.58,,12.31,6
7.45,0.6,0.25,0.9,0.18,23.7,24.7,1.0001,,0.66,9.3,5
7.75,0.78,0.62,2.38,0.1,41.4,110.1,0.996,3.01,0.73,8.4,4
8.01,0.39,0.0,3.69,0.088,23.3,62.5,0.9954,3.32,0.75,11.86,6
11.89,0.546,0.27,0.9,0.08,5.3,35.7,0.9954,3.22,0.59,9.64,5
5.18,0.702,0.26,0.9,0.114,14.9,88.8,0.9969,3.52,0.49,10.52,5
9.15,0.39,0.32,1.73,0.059,17.8,68.2,0.9957,3.45,0.77,9.3,6
7.87,0.527,0.09,0.9,0.094,10.4,75.8,0.9934,3.07,0.34,12.93,6
7.21,0.523,0.0,2.98,0.087,20.8,27.2,0.9939,3.51,0.8,12.35,6
7.83,0.294,0.01,3.34,0.102,1.0,6.7,0.9986,3.45,0.59,12.05,6
9.43,0.56,0.52,2.18,0.103,21.7,64.0,0.9991,3.26,0.66,10.49,6
9.53,0.536,0.08,2.1,0.106,10.9,49.2,0.9997,3.3,0.57,11.45,5
8.62,0.63,0.18,0.9,0.091,14.7,69.7,0.9971,3.52,0.9,10.34,5
10.16,0.316,0.67,5.96,0.161,31.3,32.3,0.9948,3.01,0.7,11.6,5
10.46,0.532,0.13,0.9,0.107,2.7,46.7,0.9959,3.38,0.61,9.96,6
9.69,0.779,0.34,2.16,0.209,18.8,68.5,0.9939,3.47,0.6,12.1,5
7.37,0.904,0.47,10.99,0.089,24.2,73.0,0.9938,3.3,0.63,9.91,4
9.14,0.76,0.46,1.24,0.132,17.7,39.6,0.9972,3.41,1.07,10.03,4
9.15,0.318,0.02,1.03,0.053,1.0,41.4,0.9977,3.33,0.44,9.9,5
6.91,0.611,0.13,3.26,0.153,30.1,44.6,1.0004,3.19,0.84,10.61,5
5.63,0.443,0.33,0.9,0.054,13.7,37.8,0.9965,3.19,0.76,9.98,6
4.86,0.581,0.64,1.18,0.108,10.4,19.5,0.9941,3.42,0.92,10.92,6
8.42,0.391,0.13,0.9,0.075,12.6,27.5,0.9965,3.21,0.77,9.89,5
8.81,0.222,0.18,4.31,0.108,11.9,37.1,0.9962,3.08,0.66,11.25,6
6.29,0.468,0.35,2.57,0.076,3.4,23.6,0.9958,3.33,,12.02,6
10.08,0.66,0.39,1.45,0.05,17.6,32.5,0.9974,3.23,0.7,10.48,7
8.56,0.582,0.4,15.5,0.074,9.6,13.6,0.9944,3.13,0.79,12.77,6
10.59,0.603,0.11,2.25,0.159,22.9,92.2,0.9969,3.32,0.9,11.61,6
8.93,0.569,0.17,0.9,0.109,21.3,41.3,0.9979,3.43,0.68,12.69,7
6.49,0.603,0.31,3.26,0.026,33.0,69.6,0.9994,3.31,0.59,10.33,5
9.08,0.625,0.51,6.77,0.138,13.7,14.7,0.9973,3.15,0.55,8.62,5
9.44,0.481,0.22,2.86,0.045,7.5,64.6,0.9987,3.38,0.74,9.64,5
7.37,0.545,0.27,2.48,0.122,1.0,34.3,0.9959,3.47,0.51,9.75,5
5.85,0.844,0.08,1.08,0.113,38.9,60.1,0.9961,3.64,0.6,9.38,5
8.47,0.556,0.62,0.9,0.116,22.9,44.1,0.9993,3.53,0.5,8.4,5
6.6,0.538,0.3,4.52,0.174,8.6,56.0,0.9941,3.16,0.75,11.5,5
10.21,0.549,0.47,0.9,0.048,33.7,34.7,0.9959,3.44,0.53,8.41,6
7.61,0.491,0.28,0.9,0.116,30.1,43.7,0.9988,3.35,0.44,11.39,6
11.23,0.452,0.29,0.91,0.146,1.7,29.3,0.9963,3.14,0.47,12.74,5
4.69,0.568,0.0,0.9,0.057,8.0,35.4,0.9962,3.35,0.56,9.57,5
8.53,0.439,0.0,2.78,0.052,14.5,94.6,0.9962,3.6,0.58,10.81,5
10.73,0.504,0.51,0.9,0.074,4.7,27.9,0.9969,3.49,0.7,9.97,6
6.79,0.388,0.28,1.88,0.102,14.9,64.7,0.9988,3.16,0.63,11.28,6
8.03,0.549,0.31,0.9,0.021,23.4,89.6,0.9985,3.31,0.72,9.12,5
7.61,0.635,0.03,7.55,0.113,1.5,44.9,0.9967,3.38,0.74,10.26,5
7.14,0.492,0.1,3.2,0.021,19.0,35.5,0.9988,3.05,0.79,11.6,6
8.72,0.168,0.47,2.77,0.148,28.2,32.5,0.9973,3.06,0.34,10.35,6
6.1,0.636,0.6,4.48,0.111,20.1,65.0,0.9983,3.33,0.47,8.66,5
8.11,0.552,0.15,0.9,0.177,15.1,78.0,0.9947,3.34,0.75,11.73,6
9.18,0.351,0.4,9.8,0.118,8.9,49.8,1.0,3.03,0.7,9.01,4
7.93,0.669,0.31,0.9,0.073,24.6,79.3,0.9971,3.37,0.83,10.48,6
6.6,0.278,0.25,5.62,0.049,3.5,85.4,0.9915,3.47,0.4,11.02,6
10.05,0.718,0.62,1.65,0.098,18.4,65.2,0.9999,3.28,0.58,10.53,5
9.54,0.52,0.18,1.19,0.086,16.2,24.2,0.9967,3.32,0.61,13.12,6
6.53,0.122,0.51,2.87,0.143,27.7,58.7,0.9959,3.4,0.69,11.19,5
6.1,0.562,0.34,6.13,0.043,9.8,67.2,0.9955,3.38,0.67,10.18,6
6.68,0.457,0.27,3.16,0.182,10.7,35.7,0.9975,3.06,0.74,11.04,5
9.23,0.43,0.53,0.9,0.147,2.9,63.0,0.995,3.17,0.64,10.62,6
8.77,0.397,0.33,0.9,0.077,20.5,49.2,0.9956,3.25,0.89,10.45,6
9.64,0.507,0.25,1.15,0.171,11.4,48.1,0.9956,3.18,0.95,10.66,6
7.75,0.443,0.53,2.88,0.05,6.8,29.8,0.9961,3.53,0.47,9.94,5
6.73,0.196,0.51,1.73,0.097,7.8,41.0,0.9957,3.41,0.67,10.63,6
9.86,0.759,0.5,2.93,0.027,21.5,55.8,0.9983,3.14,0.8,9.86,5
7.36,0.486,0.0,5.2,0.174,4.3,5.3,0.9972,3.28,0.76,8.4,4
8.62,0.398,0.35,0.9,0.012,5.3,26.4,0.9974,3.48,0.59,11.62,6
5.67,0.327,0.31,1.74,0.019,25.3,30.6,0.9979,3.21,0.7,9.79,5
7.33,0.669,0.26,2.78,0.057,14.2,36.0,0.9965,3.44,0.39,10.55,6
10.02,0.296,0.39,0.9,0.149,25.9,40.0,0.9948,3.52,0.66,9.59,5
7.08,0.554,0.32,10.39,0.132,12.1,62.4,1.0001,3.49,0.41,9.62,5
9.68,0.425,0.4,2.78,0.093,15.9,66.4,0.9985,3.34,0.75,9.29,6
4.6,0.435,0.22,0.9,0.135,17.5,58.7,0.9998,3.5,0.47,11.41,6
7.35,0.331,0.55,0.9,0.082,30.5,35.1,0.9987,3.23,0.69,11.67,6
8.01,0.418,0.42,8.62,0.107,29.6,57.6,0.9958,3.68,0.71,10.43,6
11.26,0.532,0.37,3.06,0.165,28.0,31.1,0.9922,3.35,0.67,9.83,5
6.31,0.572,0.36,1.21,0.075,9.3,36.4,0.9944,3.48,0.55,8.59,5
9.44,0.389,0.49,1.15,0.051,5.5,48.5,0.9979,3.26,0.62,11.25,7
10.1,0.514,0.46,0.9,0.109,23.9,73.7,0.9965,3.38,0.86,9.68,6
7.07,0.69,0.25,4.09,0.122,30.4,69.8,0.9959,3.39,0.59,9.2,6
7.67,0.231,0.46,1.61,0.092,28.1,83.3,0.992,3.17,0.66,10.43,6
8.54,0.529,0.3,3.65,0.134,16.0,51.2,0.9967,3.17,0.57,10.04,5
5.78,0.359,0.63,1.19,0.078,23.5,48.9,0.9946,3.28,0.83,8.78,6
7.53,0.341,0.48,1.53,0.093,23.7,71.2,0.9953,3.48,0.67,8.92,6
10.47,0.577,0.15,1.1,0.105,17.5,65.6,0.9983,3.04,0.53,10.76,5
9.19,0.432,0.71,0.9,0.101,17.9,37.4,0.9947,3.26,0.66,9.7,6
8.03,0.311,0.0,0.9,0.163,16.9,54.5,0.9949,3.51,0.62,10.95,7
8.49,0.768,0.39,0.9,0.104,7.6,31.7,0.9971,3.13,0.9,10.56,6
9.29,0.696,0.14,1.8,0.073,8.7,9.7,0.9984,3.5,0.65,11.52,6
9.61,0.182,0.63,4.37,0.112,8.5,47.3,0.9959,3.14,0.42,9.51,6
7.35,0.265,0.32,1.08,0.134,1.0,5.1,0.9995,3.17,0.74,10.65,7
10.91,0.637,0.12,0.9,0.123,17.4,54.0,0.9943,3.29,0.96,11.08,6
10.54,0.479,0.22,1.28,0.121,15.5,16.5,0.9939,3.59,0.86,9.73,6
9.45,0.8,0.13,0.9,0.017,23.9,39.5,0.9938,3.21,0.47,11.61,5
6.87,0.641,0.21,0.9,0.012,29.1,50.5,0.9936,3.05,0.61,8.62,5
6.57,0.584,0.21,0.9,0.147,29.8,83.8,0.9973,,0.65,9.51,5
7.74,0.346,0.13,4.92,0.108,30.8,50.1,0.9948,3.45,0.66,8.58,4
8.4,0.618,0.32,2.89,0.086,8.0,16.5,0.994,3.11,0.72,9.61,4
5.29,0.3,0.34,0.9,0.12,1.0,38.3,0.9974,3.49,0.6,10.23,6
9.14,0.765,0.08,0.9,0.178,25.7,51.3,0.9983,3.32,0.5,11.29,6
10.49,0.606,0.0,0.9,0.153,30.4,76.2,0.9987,3.31,0.82,10.23,5
9.28,0.382,0.33,0.9,0.132,32.2,42.0,0.9984,3.35,0.47,9.76,6
7.15,0.675,0.37,0.9,0.045,21.0,55.2,0.995,3.19,0.52,8.74,4
6.95,0.933,0.41,0.9,0.051,1.0,80.4,0.9972,3.33,0.47,9.1,5
8.81,0.491,0.37,4.97,0.012,19.7,45.0,0.9976,3.13,0.76,10.73,6
8.04,0.629,0.57,0.93,0.117,21.7,55.5,0.9958,3.51,0.68,11.34,6
9.05,0.452,0.46,1.35,0.139,29.0,30.0,0.997,3.16,0.81,9.95,6
9.32,0.545,0.78,0.9,0.143,30.9,43.9,0.9943,3.38,0.53,11.7,6
10.16,0.259,0.86,3.12,0.119,25.5,64.6,0.9955,3.15,0.45,9.38,6
6.38,0.53,0.0,3.12,0.08,9.7,33.1,0.9974,3.23,0.58,9.98,6
8.68,0.538,0.0,0.9,0.06,5.1,47.4,0.9996,3.25,0.63,10.07,5
7.68,0.854,0.27,4.87,0.048,21.5,60.0,0.9989,3.76,0.7,12.04,7
8.13,0.207,0.37,0.9,0.079,7.6,11.2,0.998,3.31,0.37,10.54,5
9.77,0.479,0.26,3.31,0.041,31.4,81.7,0.9969,3.19,0.74,8.48,5
9.95,0.762,0.4,5.19,0.17,1.0,6.1,0.9966,3.24,0.51,11.42,5
10.68,0.486,0.22,4.27,0.026,21.9,36.6,0.9939,3.08,0.55,12.38,7
9.02,0.499,0.14,4.3,0.078,19.3,53.8,0.9951,3.29,0.86,10.13,5
8.11,0.38,0.17,9.89,0.012,13.7,75.1,0.9952,3.59,0.33,9.44,5
7.87,0.362,0.23,1.88,0.101,6.2,16.1,0.9978,3.36,0.71,11.32,7
5.35,0.201,0.43,1.06,0.087,1.0,34.0,0.9985,3.45,0.71,12.5,6
10.58,0.417,0.18,0.9,,10.3,43.4,0.9981,3.17,0.52,11.31,6
7.75,0.352,0.22,0.9,0.043,10.5,53.7,0.9989,3.28,0.58,8.66,5
9.16,0.551,0.38,1.31,0.087,27.6,81.3,0.9968,3.34,0.87,11.21,6
9.45,0.388,0.23,0.9,0.061,7.7,29.6,0.9948,3.2,0.99,10.83,6
6.18,0.444,0.48,2.64,0.081,20.7,70.9,0.9966,3.37,0.84,9.38,5
6.73,0.449,0.1,2.15,0.179,2.3,58.9,0.9953,3.4,0.98,11.78,5
10.93,0.521,0.05,3.57,0.095,20.9,86.6,0.9979,3.39,0.54,10.87,6
8.79,0.435,0.33,0.9,0.112,1.0,41.0,0.996,3.29,0.39,11.81,6
7.31,0.339,0.35,4.48,0.065,37.9,71.0,0.9965,3.47,0.65,9.26,6
8.09,0.545,0.11,0.96,0.05,14.4,34.9,0.998,3.27,0.8,10.83,6
10.15,0.722,0.53,11.07,0.086,1.0,2.0,0.9953,3.26,0.34,9.44,4
9.89,0.553,0.64,2.91,0.205,8.4,32.8,0.9985,3.53,0.5,10.67,5
5.81,0.42,0.15,0.9,0.073,6.7,39.0,0.9941,3.14,0.52,11.98,6
11.08,0.508,0.55,0.9,0.104,9.0,36.8,0.9973,3.05,0.72,8.87,4
9.94,0.161,0.0,0.9,0.048,12.1,54.0,0.9965,3.18,0.7,8.94,5
8.04,0.505,0.47,0.9,0.012,8.9,9.9,0.9983,3.37,0.53,11.42,6
6.27,0.458,0.11,0.9,0.05,7.3,33.7,0.9941,3.5,0.69,10.38,5
10.09,0.362,0.46,0.9,0.199,3.7,73.6,0.9938,3.21,0.47,11.65,6
9.11,0.395,0.09,4.78,0.115,24.5,74.4,0.9981,3.58,0.59,9.54,6
5.82,0.456,0.26,0.9,0.164,28.5,70.8,0.996,3.31,0.44,10.45,6
7.91,0.709,0.12,2.2,0.071,13.2,51.0,0.9965,3.29,0.63,11.14,7
13.61,0.727,0.23,3.88,0.012,15.7,38.4,0.9954,3.18,0.52,10.62,6
8.33,0.363,0.62,0.9,0.035,4.1,5.1,0.9984,3.6,0.78,8.49,5
7.04,0.437,0.25,0.9,0.106,16.6,55.8,0.9973,3.29,0.66,13.42,7
6.59,0.441,0.67,3.13,0.098,18.3,19.3,0.9972,3.11,0.62,10.63,6
11.31,0.676,0.2,1.28,0.087,13.6,37.1,0.9945,3.68,0.96,8.97,5
9.74,0.556,0.55,2.23,0.062,20.1,50.0,0.9977,3.37,0.73,10.74,6
10.69,0.547,0.0,3.05,0.131,19.1,40.2,0.9948,3.43,0.6,10.86,6
8.72,0.627,0.22,0.9,0.063,4.8,78.3,0.9954,3.56,0.56,11.46,6
10.43,0.423,0.17,1.35,0.101,28.4,94.9,0.9941,3.4,0.46,11.39,7
6.86,0.775,0.56,6.12,0.096,13.7,64.4,0.9964,3.46,0.65,10.17,5
8.58,0.53,0.31,1.02,0.07,33.5,45.0,0.9987,3.32,0.71,8.56,5
8.79,0.376,0.0,5.67,0.046,20.3,88.7,0.9971,3.42,0.33,10.89,6
10.65,0.489,0.02,1.55,0.067,36.6,79.0,0.9959,3.3,0.43,8.64,5
8.84,0.752,0.08,0.9,0.175,28.2,39.4,0.9969,3.31,0.57,11.7,5
7.24,0.453,0.45,13.88,0.139,18.3,48.9,0.9969,3.33,0.47,9.62,5
8.41,0.701,0.42,2.83,0.135,8.3,57.5,0.9968,3.25,0.67,11.08,5
5.45,0.417,0.21,12.45,0.05,8.5,26.6,0.997,3.39,0.69,9.7,6
4.6,0.392,0.17,3.58,0.019,21.5,54.3,0.9947,3.39,0.64,9.87,6
9.71,0.649,0.41,0.9,0.139,17.4,53.7,0.9969,3.43,0.75,9.54,4
7.66,0.373,0.06,0.9,0.13,9.7,17.7,0.9934,3.41,0.56,11.17,6
7.86,0.678,0.36,0.9,0.093,24.6,49.2,0.9978,3.61,0.65,9.74,6
9.71,0.593,0.34,1.92,0.07,16.3,25.8,0.9946,3.47,0.49,11.22,6
10.67,0.373,0.22,2.91,0.018,24.7,72.1,0.9989,3.28,0.71,9.76,6
9.21,0.517,0.35,3.27,0.128,5.7,17.5,0.9921,3.38,0.67,10.15,5
11.58,0.431,0.29,1.51,0.143,26.4,62.2,0.9999,3.52,0.46,10.44,6
9.15,0.593,0.36,5.56,0.055,21.2,23.4,0.9936,3.17,0.63,10.56,6
8.81,0.87,0.02,1.1,0.051,28.5,35.8,0.9944,3.61,,9.41,5
8.71,0.463,0.39,0.9,0.145,26.2,32.5,0.9973,3.19,0.71,11.15,6
6.11,0.626,0.47,10.07,0.057,15.0,39.2,0.9979,3.45,0.71,10.11,5
9.93,0.534,0.33,1.66,0.171,14.2,47.8,0.9962,3.31,0.54,10.98,5
4.6,0.534,0.38,1.62,0.082,34.6,71.9,0.9984,3.3,0.79,10.38,5
7.3,0.5,0.25,0.9,0.069,12.8,13.8,0.9952,3.11,0.75,11.03,6
8.34,0.376,0.44,3.9,0.089,23.8,50.4,0.9959,3.45,0.54,9.96,5
6.96,0.59,0.28,1.9,0.069,11.9,26.9,0.9961,3.12,0.47,9.56,5
7.53,0.478,0.05,1.03,0.14,1.0,41.7,0.9957,3.09,0.55,10.86,5
11.43,0.367,0.43,13.98,0.129,3.0,27.7,0.993,3.48,0.41,9.87,6
10.18,0.713,0.0,2.26,0.138,20.2,48.5,0.9967,3.58,0.7,11.96,7
7.13,0.548,0.32,1.29,0.096,23.3,38.4,0.9965,3.21,0.86,10.47,6
7.5,0.489,0.2,4.42,0.066,20.2,84.7,0.9987,3.46,0.9,8.93,6
6.13,0.771,0.18,6.7,0.087,27.9,32.3,0.9943,3.43,0.47,9.77,5
9.5,0.2,0.3,0.9,0.067,20.0,42.0,0.9955,3.3,0.79,9.33,6
7.88,0.759,0.14,11.37,0.156,7.8,39.9,0.999,3.51,0.67,11.55,6
4.96,0.372,0.37,10.37,0.134,22.1,47.1,0.9973,3.29,0.33,11.23,5
8.47,0.568,0.28,6.66,0.083,17.7,32.4,0.9977,3.39,0.6,10.33,6
9.05,0.424,0.15,0.9,0.043,9.9,10.9,0.9976,3.12,0.58,10.71,6
9.94,0.364,0.52,1.73,0.159,20.9,37.0,0.9976,3.13,0.87,10.31,5
8.18,0.766,0.31,1.59,0.093,16.7,27.5,1.0002,3.49,0.51,11.32,6
7.67,0.864,0.39,0.9,0.081,9.5,73.1,0.9969,3.39,0.76,10.96,5
11.68,0.49,0.54,0.9,0.16,14.0,89.3,0.9948,3.29,0.64,11.15,5
8.31,0.59,0.54,0.9,0.063,30.7,59.7,0.9979,3.6,0.41,10.19,6
9.52,0.54,0.38,1.36,0.072,30.4,32.3,0.9956,3.59,0.57,9.72,6
7.38,0.841,0.21,1.22,0.076,17.9,62.6,0.9965,3.38,0.92,11.11,6
9.47,0.15,0.0,1.09,0.025,16.5,26.9,0.9974,3.09,0.63,12.06,7
5.83,0.598,0.31,15.5,0.102,1.0,20.0,0.9951,3.29,0.81,11.58,6
7.51,0.399,0.48,1.35,0.051,34.0,51.4,0.9957,3.19,0.8,12.09,6
6.25,0.12,0.34,3.21,0.06,26.8,46.8,0.9976,3.32,0.58,10.57,6
7.27,0.465,0.0,2.4,0.054,23.8,46.7,0.9957,3.17,0.44,9.36,5
10.43,0.863,0.44,0.93,0.059,1.0,4.7,0.9985,3.13,0.46,9.46,5
7.26,0.412,0.45,6.49,0.048,16.3,32.3,0.9948,2.97,0.91,11.88,7
9.52,0.672,0.21,0.9,0.099,14.6,65.0,0.9948,3.34,0.69,8.41,5
10.88,0.746,0.46,1.85,0.08,23.1,52.4,1.0003,2.97,0.37,12.01,6
8.25,0.528,0.39,2.83,0.089,11.2,43.7,0.9938,3.26,0.8,9.56,5
9.99,0.552,0.14,5.97,0.198,13.5,14.5,0.9966,3.41,0.36,12.46,5
9.2,0.221,0.51,0.93,0.08,22.4,71.4,1.0002,3.2,,10.32,7
8.5,0.401,0.03,2.7,0.115,7.8,24.1,0.9966,3.15,0.67,11.17,6
9.58,0.693,0.26,6.52,0.121,9.9,62.4,0.9993,3.3,1.09,12.95,7
11.43,0.541,0.24,0.9,0.084,17.9,51.0,0.9979,3.19,0.8,10.05,5
7.22,0.596,0.11,7.15,0.1,30.0,48.7,0.9967,3.34,0.58,10.03,5
6.67,0.554,0.33,0.9,0.088,24.4,25.4,0.9965,,0.66,9.66,5
6.57,0.925,0.52,0.9,0.097,27.2,100.7,0.9927,3.29,0.82,9.33,5
9.99,0.453,0.51,8.64,0.059,16.6,62.6,0.9961,3.26,0.9,10.05,6
10.22,0.819,0.41,0.9,0.064,31.6,78.9,0.9971,3.31,0.62,9.81,5
7.39,0.554,0.0,3.63,0.088,1.0,67.4,0.9971,3.56,0.62,9.06,5
4.67,0.835,0.02,8.84,0.012,37.1,71.6,1.0014,3.34,0.52,10.17,4
7.15,0.31,0.3,5.71,0.157,38.5,95.5,0.9972,3.39,0.77,10.88,5
9.23,0.563,0.26,0.9,0.189,20.7,41.1,0.9979,3.22,0.83,9.44,5
8.19,0.459,0.18,0.9,0.095,24.6,69.4,0.9989,3.34,0.33,10.23,5
8.61,0.555,0.63,1.01,0.118,15.5,32.9,0.9977,3.27,0.59,11.9,6
7.41,0.75,0.29,1.87,0.138,13.7,33.6,0.9965,3.31,0.45,8.88,5
10.02,0.598,0.37,1.45,0.025,9.5,41.4,0.9965,3.41,0.69,12.47,6
8.88,0.75,0.46,3.57,0.131,15.4,20.0,0.996,3.23,0.45,9.68,5
9.3,0.409,0.28,9.95,0.067,21.7,58.3,0.9975,3.25,0.44,10.61,6
8.57,0.382,0.76,3.26,0.195,20.3,44.1,0.9964,,0.85,11.77,6
9.19,0.533,0.09,4.74,0.078,36.8,37.8,0.9979,3.23,0.63,12.1,7
9.08,0.523,0.15,0.9,0.13,17.0,37.8,0.9948,3.34,0.65,10.9,5
6.72,0.497,0.09,5.64,0.079,1.0,24.1,0.997,3.26,0.73,9.66,5
8.93,0.357,0.57,1.9,0.19,33.2,80.2,0.9996,3.53,0.83,9.56,6
9.65,0.746,0.42,2.03,0.063,3.1,38.8,0.9963,3.71,0.59,9.78,5
10.26,0.465,0.17,0.9,0.142,10.0,69.0,1.0002,3.22,0.59,12.42,6
9.01,0.787,0.11,8.32,0.116,18.8,59.2,0.997,3.35,0.59,9.99,5
6.66,0.532,0.53,5.31,0.106,20.3,39.2,0.9966,3.47,0.84,10.75,6
6.92,0.647,0.34,2.08,0.098,1.0,29.8,0.9969,3.27,0.65,9.28,5
7.56,0.63,0.54,3.68,0.056,8.1,31.1,0.9961,3.16,0.61,9.16,6
8.62,0.382,0.26,4.06,0.012,1.0,40.8,0.9929,3.57,0.73,10.43,6
8.09,0.596,0.37,0.9,0.137,22.4,53.6,0.9984,3.41,0.97,10.05,5
6.39,0.877,0.33,4.18,0.064,28.3,45.8,1.0009,3.36,0.67,10.13,5
6.38,0.575,0.15,3.51,0.142,3.1,33.2,0.9976,3.53,0.61,8.82,5
4.73,0.692,0.24,1.5,0.104,26.4,65.6,0.9977,3.43,0.99,10.32,5
4.6,0.655,0.04,2.62,0.143,25.7,35.5,0.9964,3.3,0.89,12.06,7
8.08,0.585,0.36,0.9,0.125,9.0,45.3,0.9989,3.16,0.86,9.49,5
12.24,0.564,0.41,7.18,0.012,1.0,2.0,0.9966,3.24,0.57,11.36,6
11.35,0.629,0.46,0.9,0.116,4.7,56.8,0.9972,3.49,0.56,8.4,5
6.64,0.667,0.4,2.66,0.071,9.6,50.2,0.9937,3.41,0.35,9.54,6
8.55,0.287,0.25,5.8,0.142,32.1,94.7,0.9957,3.28,0.82,8.4,4
5.81,0.575,0.56,3.34,0.115,14.7,22.3,0.9974,3.57,0.67,11.72,5
6.07,0.497,0.44,3.81,0.115,5.3,58.0,0.9984,3.29,0.35,11.34,6
6.26,0.46,0.53,0.9,0.074,17.5,66.2,0.9985,3.46,0.86,9.29,6
7.92,0.763,0.55,6.16,0.044,2.3,28.7,0.9937,3.34,0.6,10.71,5
7.99,0.398,0.25,2.89,0.067,21.3,43.8,0.9939,3.6,0.62,11.69,5
8.73,0.279,0.34,1.16,0.012,5.6,13.9,0.9978,3.42,0.4,11.85,7
9.43,0.673,0.42,3.63,0.059,7.2,10.2,0.9953,3.32,0.74,9.97,6
7.73,0.274,0.05,0.9,0.018,19.8,34.8,0.9984,3.28,0.75,8.4,5
8.36,0.183,0.06,3.87,0.019,34.3,39.2,0.9936,3.31,0.65,9.44,6
6.44,0.693,0.02,1.11,0.092,39.0,100.9,0.9965,3.2,0.59,11.22,5
6.01,0.559,0.25,0.9,0.112,5.0,6.0,0.9966,3.1,1.11,12.65,6
5.75,0.615,0.21,2.02,0.086,9.6,42.6,0.9976,3.36,0.46,10.34,5
9.4,0.45,0.0,2.54,0.064,21.3,60.0,0.9947,3.23,0.54,9.75,5
7.73,0.281,0.3,1.94,0.042,28.2,65.3,0.993,3.23,0.78,12.97,6
5.12,0.317,0.25,0.9,0.072,1.0,39.9,0.997,3.3,0.49,10.83,6
8.19,0.481,0.49,3.46,0.048,16.8,65.7,0.9977,3.32,0.48,9.09,6
6.18,0.301,0.65,0.9,0.084,10.8,31.9,0.9986,3.31,0.85,10.27,6
11.12,0.585,0.36,1.83,0.015,1.0,32.8,0.996,3.57,0.76,11.47,6
7.32,0.447,0.14,1.53,0.12,1.9,26.0,0.9982,3.41,0.74,10.32,5
9.46,0.563,0.39,2.35,0.06,9.9,66.0,0.9976,3.63,0.69,11.25,6
10.15,0.558,0.27,0.9,0.105,16.5,88.5,0.9992,3.24,0.54,8.68,5
6.68,0.6,0.22,0.9,0.129,26.5,32.6,0.9966,3.43,0.62,8.87,5
8.43,0.62,0.11,0.9,0.102,19.6,20.6,0.9934,3.25,0.65,9.61,6
9.24,0.468,0.18,0.9,0.125,25.8,67.2,0.9966,3.23,0.8,10.1,6
8.5,0.563,0.24,3.24,0.012,16.2,67.6,0.9969,3.63,0.73,10.76,6
8.91,0.572,0.42,3.38,0.064,8.5,77.6,0.9977,3.19,0.5,11.08,7
6.04,0.12,0.37,0.9,0.139,14.0,58.7,0.9938,2.98,0.79,13.04,8
9.24,0.646,0.62,1.97,0.111,23.2,81.1,0.9961,3.2,0.37,9.61,5
7.47,0.557,0.4,2.41,0.174,26.7,89.9,0.9983,3.01,0.61,10.06,5
8.89,0.632,0.35,1.98,0.167,14.3,73.6,0.9965,3.17,0.47,9.64,4
9.86,0.298,0.21,10.12,0.101,6.1,53.8,0.9961,3.18,0.51,11.55,6
9.44,0.473,0.07,3.16,0.075,19.4,23.8,1.0003,3.32,0.99,11.61,7
8.89,0.334,0.16,8.92,0.042,20.9,50.8,0.9947,3.0,0.41,9.92,7
9.39,0.664,0.14,1.68,0.065,28.8,64.8,0.999,3.49,0.52,12.61,6
9.47,0.277,0.0,0.9,0.068,8.8,36.8,0.9986,3.03,0.75,9.64,6
10.84,0.363,0.08,1.25,0.059,8.9,38.1,0.9963,3.29,0.58,11.5,6
8.24,0.626,0.57,1.82,0.044,23.8,85.2,0.9966,3.26,0.69,11.96,7
8.58,0.417,0.34,7.23,0.106,11.6,26.5,0.9966,3.43,0.9,8.94,5
9.88,0.363,0.2,2.76,0.167,11.2,57.2,0.997,3.36,0.77,11.02,7
7.47,0.693,0.35,1.75,0.131,29.1,65.4,0.9956,3.49,0.58,8.4,4
6.03,0.701,0.0,3.93,0.072,1.5,14.4,0.9959,3.26,0.64,11.28,5
9.14,0.66,0.32,0.9,0.135,37.5,46.0,0.996,3.24,0.75,9.22,5
7.95,0.683,0.51,1.11,0.103,9.5,10.5,0.9961,3.37,0.77,11.01,5
6.25,0.488,0.25,0.9,0.085,25.0,64.7,0.9961,3.46,0.66,11.21,6
9.15,0.493,0.0,0.97,0.082,14.8,43.5,0.9924,3.43,0.72,11.6,5
10.73,0.413,0.19,0.9,0.078,18.7,32.2,0.9969,3.36,0.72,11.35,6
5.53,0.56,0.51,1.16,0.118,13.1,14.1,0.9957,3.34,0.64,10.46,6
10.04,0.435,0.32,1.36,0.094,24.9,63.5,0.9932,3.3,0.56,9.99,6
4.6,0.452,0.0,3.6,,12.3,38.8,0.996,3.37,0.79,10.32,6
7.62,0.638,0.72,8.69,0.05,9.9,25.6,0.996,3.62,0.71,9.21,6
11.43,0.743,0.03,1.42,0.101,34.9,45.7,0.9991,3.27,0.33,10.17,5
7.74,0.602,0.22,5.92,0.107,16.2,41.4,0.9957,3.26,0.52,10.09,5
8.45,0.853,0.07,6.81,0.072,8.8,48.2,0.998,3.24,0.58,9.56,4
9.6,0.403,0.07,0.9,0.034,1.0,24.4,0.9993,3.37,0.63,8.54,5
5.38,0.199,0.18,5.69,0.146,35.5,41.7,0.9955,2.99,0.86,9.03,6
8.42,0.659,0.39,0.9,0.136,10.1,38.9,0.9966,3.29,1.2,8.4,5
8.41,0.391,0.52,0.99,0.012,37.5,88.5,1.0,3.44,0.33,10.07,5
11.47,0.481,0.2,1.72,0.15,20.1,50.9,0.9971,3.23,0.71,10.79,5
6.2,0.211,0.08,0.9,0.077,17.4,48.8,0.9974,3.34,0.67,8.4,5
7.65,0.368,0.36,2.75,0.096,17.7,41.2,0.9959,3.63,0.63,10.65,6
6.72,0.26,0.37,0.9,0.14,39.2,51.4,0.998,3.36,0.75,10.27,6
6.54,0.452,0.32,1.83,0.165,1.0,12.5,0.9966,2.97,0.69,9.14,5
10.22,0.459,0.32,1.94,0.134,18.2,19.2,0.9932,3.1,0.6,9.94,5
8.35,0.546,0.25,0.9,0.098,13.1,66.7,0.996,3.27,0.66,11.52,6
7.36,0.753,0.29,1.34,0.022,13.7,52.9,0.9945,3.19,0.75,9.36,6
7.42,0.652,0.24,0.9,0.012,17.5,49.1,0.9969,3.33,0.74,10.48,6
7.34,0.238,0.47,9.25,0.128,13.1,49.0,0.995,3.27,0.69,10.77,6
7.49,0.639,0.69,1.0,0.15,17.9,54.7,0.9976,3.48,0.56,9.52,6
6.15,0.55,0.3,1.24,0.049,15.7,31.0,0.9968,3.15,1.14,11.48,6
7.86,0.512,0.27,2.56,0.074,2.1,25.6,0.9943,3.28,0.72,10.83,6
7.69,0.526,0.32,1.75,0.061,19.9,40.4,0.9958,3.34,0.79,10.13,5
7.01,0.567,0.14,3.56,0.06,23.4,103.6,0.9979,3.36,0.57,12.93,7
8.56,0.405,0.42,0.99,0.138,10.2,60.6,0.9989,3.33,0.69,11.48,6
8.71,0.497,0.35,6.83,0.097,35.5,68.9,0.995,2.95,0.69,8.6,4
7.35,0.743,0.19,4.51,0.076,29.9,87.2,0.9946,3.32,0.33,9.98,5
8.05,0.403,0.44,3.9,0.212,24.8,79.6,1.0004,3.29,0.54,13.04,7
11.97,0.345,0.27,3.13,0.02,24.6,27.0,0.9967,3.44,0.54,9.35,5
11.9,0.519,0.09,1.23,0.113,16.2,41.8,0.9969,3.42,0.56,10.47,6
6.51,0.326,0.34,0.9,0.038,27.9,57.6,0.9953,3.35,0.48,11.72,6
6.75,0.22,0.32,0.9,0.08,32.4,74.6,0.9971,3.36,0.67,11.1,6
6.5,0.468,0.45,1.76,0.094,24.4,49.9,1.0,3.51,0.9,11.25,5
10.1,0.791,0.43,1.75,0.127,9.9,37.9,0.9972,3.48,0.68,11.19,6
7.62,0.523,0.25,1.84,0.075,15.5,36.3,0.9987,3.35,0.46,10.43,6
8.71,0.562,0.18,4.39,0.07,21.9,72.9,0.9968,3.63,0.48,9.55,6
11.69,0.147,0.27,3.31,0.074,24.7,25.8,0.9948,3.22,0.6,10.87,6
8.28,0.609,0.34,0.9,0.036,15.1,36.5,0.9954,3.13,0.42,9.97,5
9.5,0.547,0.36,3.21,0.117,9.9,10.9,0.9946,3.31,0.71,9.88,6
9.18,0.41,0.33,2.55,0.1,32.5,41.9,0.9971,3.25,0.89,11.99,6
7.3,0.562,0.25,1.36,0.107,4.6,41.0,0.999,2.94,0.56,9.99,6
10.1,0.561,0.46,1.36,0.084,6.0,42.7,0.997,3.21,0.67,12.23,6
6.86,0.339,0.14,1.41,0.078,2.0,25.7,0.9961,3.36,0.59,10.67,6
10.58,0.59,0.74,0.9,0.142,6.0,58.5,0.9952,3.3,0.55,10.23,6
7.3,0.745,0.41,3.17,0.135,29.0,86.1,0.9974,3.19,0.69,8.46,5
7.49,0.489,0.06,5.25,0.153,29.3,58.0,0.9943,3.32,0.55,12.67,6
6.45,0.374,0.31,0.9,0.105,15.1,50.1,0.9945,3.33,0.52,10.39,6
6.73,0.498,0.42,4.97,0.151,21.1,42.1,0.9984,3.42,0.38,8.4,5
7.57,0.684,0.2,1.44,0.067,15.8,58.3,0.9962,3.21,0.67,11.46,6
4.6,0.309,0.0,14.16,0.078,3.4,9.5,0.9961,3.44,0.84,10.35,6
7.9,0.634,0.07,1.64,0.143,39.2,105.1,0.9964,3.15,0.78,9.4,4
7.44,0.408,0.37,10.11,0.127,30.3,83.1,0.9981,3.23,0.91,11.4,6
9.64,0.574,0.0,4.62,0.073,19.6,25.6,0.997,3.56,0.55,8.4,5
9.02,0.428,0.0,0.9,0.038,6.9,21.1,0.9953,3.16,0.8,9.64,6
7.1,0.428,0.37,1.51,0.077,13.5,52.0,0.9954,3.21,0.47,10.08,4
7.52,0.804,0.23,2.56,0.055,8.6,31.9,0.9963,3.12,0.78,11.31,6
7.9,0.276,0.14,7.39,0.168,16.9,57.8,0.9973,3.19,0.94,12.8,6
10.83,0.617,0.18,0.99,0.123,19.2,42.0,0.9966,3.33,0.74,10.14,6
6.9,0.842,0.0,1.49,0.051,12.3,72.8,0.9965,3.42,0.94,10.89,6
7.08,0.653,0.36,3.11,0.038,1.0,31.2,0.9968,3.31,0.56,13.34,7
6.38,0.29,0.12,0.9,0.05,38.3,116.7,0.9966,3.26,0.64,10.41,5
5.78,0.299,0.17,5.5,0.061,18.4,60.4,0.9952,,0.5,10.9,6
8.82,0.395,0.34,1.79,0.079,20.7,23.7,0.9988,3.2,0.67,9.08,5
8.64,0.558,0.22,0.9,0.139,11.5,83.2,0.9958,3.08,0.71,12.5,8
10.48,0.571,0.14,0.9,0.042,1.0,53.0,0.9969,3.42,0.66,9.64,6
10.07,0.301,0.0,6.9,0.195,15.0,52.6,0.9928,3.43,0.58,10.69,6
12.38,0.373,0.34,0.9,0.043,12.5,55.4,0.9963,3.3,0.58,10.66,7
8.17,0.384,0.29,2.45,0.021,23.4,29.6,0.9946,3.38,0.72,10.49,6
7.86,0.497,0.17,0.9,0.166,25.4,26.4,0.9948,3.44,0.63,9.94,5
6.09,0.887,0.07,2.48,0.149,23.9,53.1,1.0013,3.33,0.46,10.66,5
9.48,0.362,0.27,1.37,0.078,26.3,83.9,0.9972,3.52,0.34,12.28,6
8.5,0.354,0.36,1.9,0.105,34.8,72.8,0.999,3.16,0.56,12.84,5
9.41,0.326,0.29,4.55,0.106,20.0,84.2,0.9983,3.26,0.43,10.21,6
6.36,0.644,0.58,6.7,0.093,27.4,83.9,0.9986,3.24,0.52,9.92,5
8.9,0.523,0.4,0.97,0.026,21.1,51.5,0.9963,3.41,0.59,9.53,5
8.65,0.369,0.25,0.9,0.012,1.0,54.7,0.9998,3.09,0.64,13.27,6
8.54,0.465,0.41,4.26,0.047,14.3,74.7,0.9983,3.53,0.55,10.54,6
7.14,0.388,0.28,7.99,0.172,6.8,35.2,0.9968,3.39,1.03,11.59,5
10.32,0.583,0.28,2.23,0.174,18.3,44.1,0.9972,3.57,0.45,11.15,6
11.79,1.013,0.52,1.1,0.075,7.6,40.4,0.9964,3.3,0.87,12.76,6
6.41,0.629,0.1,3.38,0.042,22.3,23.3,0.9968,3.23,0.63,10.13,4
9.52,0.513,0.27,2.7,0.1,26.2,61.8,0.9966,3.41,0.55,9.22,5
4.6,0.41,0.5,0.9,0.108,28.5,72.9,0.9974,3.46,0.76,12.39,7
9.44,0.288,0.33,1.16,0.115,32.9,65.8,1.0,3.2,0.58,11.37,6
5.12,0.662,0.2,2.75,0.012,1.0,37.9,0.9944,3.01,0.52,10.89,5
7.41,0.652,0.0,3.6,0.235,3.3,32.4,0.9989,3.04,0.96,12.04,5
6.07,0.446,0.0,4.3,0.14,46.6,47.6,0.996,3.35,0.33,10.95,5
7.93,0.748,0.66,1.21,0.078,26.5,89.8,0.9991,3.54,0.62,12.08,6
9.73,0.534,0.33,3.84,0.053,18.3,40.9,0.9961,3.11,0.69,10.66,5
5.14,0.669,0.16,3.75,0.133,16.2,33.9,0.9975,3.27,0.9,11.37,6
7.69,0.583,0.34,0.9,0.11,15.3,72.5,0.9964,3.26,0.59,10.96,5
7.43,0.498,0.09,0.9,0.091,1.0,50.6,0.9934,3.6,1.11,10.05,6
10.99,0.358,0.21,1.41,0.109,7.8,43.3,1.0,3.65,0.79,10.18,6
9.03,0.504,0.09,2.83,0.082,14.7,60.1,0.9949,3.37,0.33,9.98,5
6.3,0.682,0.0,1.03,0.106,8.4,15.3,0.9969,3.44,0.41,10.68,5
7.5,0.439,0.0,1.48,0.121,9.8,38.1,0.9947,3.44,0.7,9.91,5
10.95,0.609,0.0,1.68,0.103,42.8,98.7,0.9942,3.12,0.47,10.87,6
9.51,0.335,0.46,0.9,0.101,13.3,29.7,0.9963,3.41,0.75,10.83,6
6.74,0.67,0.08,2.7,0.152,18.8,28.9,0.9956,3.16,0.58,10.62,6
7.85,0.586,0.37,1.65,0.012,18.4,50.0,0.9945,3.28,,10.64,6
7.9,0.314,0.45,0.9,0.049,22.1,54.1,0.9966,3.48,0.5,9.79,6
7.39,0.49,0.27,1.2,0.088,10.9,53.8,0.9939,,0.8,10.1,6
5.39,0.698,0.21,15.23,0.053,29.0,31.4,0.9969,3.48,0.33,8.61,4
7.15,0.303,0.3,7.01,0.068,20.6,21.6,0.9965,3.5,0.84,10.27,5
10.66,0.337,0.19,7.29,0.148,2.4,50.8,0.992,3.05,0.84,9.35,6
7.65,0.517,0.5,2.37,0.08,14.8,23.1,0.9957,2.98,0.6,10.51,6
8.12,0.914,0.63,1.21,0.012,14.1,31.9,0.9976,3.48,0.42,9.64,5
8.54,0.409,0.55,1.02,0.067,13.6,14.6,0.9947,3.49,0.75,8.4,5
12.07,0.619,0.0,0.9,0.09,21.2,71.7,0.9977,3.35,0.58,12.81,6
8.32,0.577,0.19,4.57,0.089,22.6,59.6,0.9975,3.37,0.4,10.15,6
10.16,0.424,0.27,0.9,0.113,21.3,57.5,0.9948,3.44,0.98,11.95,6
7.28,0.559,0.36,1.52,0.109,19.5,55.5,0.9967,3.44,0.51,9.84,6
7.86,0.449,0.0,5.92,0.08,16.8,17.8,0.9983,3.26,0.41,12.22,6
8.32,0.466,0.0,1.65,0.031,1.0,11.3,0.995,3.45,0.71,9.17,5
6.98,0.231,0.52,0.9,0.066,24.1,45.0,0.9963,3.26,0.65,10.59,5
7.95,0.526,0.16,5.31,0.058,21.0,36.1,0.9989,3.35,0.91,9.23,5
9.81,0.692,0.0,0.9,0.074,5.6,30.1,0.9951,3.34,0.6,13.18,7
6.94,0.54,0.06,2.64,0.119,18.8,53.8,0.9976,3.18,0.6,10.13,5
8.3,0.726,0.34,0.9,0.106,22.7,72.8,0.9946,3.2,,11.29,5
9.5,0.634,0.11,1.37,0.126,28.2,29.2,0.9964,3.65,0.69,10.88,6
6.9,0.519,0.32,0.94,0.069,21.3,51.1,0.9975,3.18,0.7,10.37,5
10.16,0.417,0.08,1.59,0.158,19.3,63.5,0.9921,3.37,0.71,10.95,6
8.42,0.442,0.0,0.9,0.119,25.8,37.4,0.9957,3.4,0.69,11.85,7
8.02,0.265,0.54,1.1,0.092,12.7,38.8,0.9975,3.3,0.59,11.11,5
4.89,0.482,0.35,1.93,0.115,20.2,59.6,0.9971,3.41,0.8,10.57,6
7.66,0.556,0.21,1.17,0.055,9.4,39.6,0.9957,3.36,0.6,10.96,5
8.93,0.839,0.17,0.9,0.012,27.6,71.0,0.9946,3.18,0.8,12.45,6
11.27,0.625,0.55,5.26,0.058,1.0,32.9,0.9979,3.39,0.9,9.95,6
9.27,0.374,0.38,6.46,0.122,24.5,48.2,0.9961,3.23,0.54,8.42,5
10.21,0.271,0.49,6.82,0.091,16.1,22.6,0.9977,3.57,1.07,9.23,6
6.24,0.493,0.16,0.9,0.081,26.0,61.0,0.9974,3.37,0.54,9.31,5
8.08,0.676,0.28,1.56,0.047,7.7,39.7,0.9958,3.2,0.54,9.46,4
10.38,0.49,0.35,6.18,0.012,16.8,27.0,0.9987,3.36,0.75,9.49,5
6.79,0.628,0.17,13.12,0.154,16.5,58.2,0.9956,3.17,0.74,10.37,6
9.94,0.497,0.25,0.9,0.077,20.5,75.8,0.999,3.35,0.67,10.66,5
9.55,0.659,0.16,2.52,0.067,4.9,21.7,0.9992,3.28,0.8,10.65,6
8.77,0.242,0.35,0.9,0.055,22.6,38.0,0.9987,3.19,0.7,9.62,5
7.74,0.819,0.02,2.64,0.146,1.0,15.7,0.9964,3.18,1.01,11.46,6
6.62,0.33,0.38,1.24,0.128,8.9,9.9,1.0015,3.68,0.65,10.97,6
11.32,0.673,0.33,6.67,0.042,1.0,71.1,0.997,3.32,0.51,12.09,6
9.37,0.481,0.23,0.9,0.142,24.6,45.6,0.9972,3.25,0.57,11.31,6
8.88,0.509,0.36,1.0,0.08,20.1,32.9,0.9967,3.22,0.74,10.03,5
7.6,0.487,0.2,2.1,0.058,20.7,28.2,0.9946,3.38,0.74,11.8,6
8.36,0.576,0.14,1.11,0.073,31.4,53.6,0.9992,3.21,0.7,10.69,5
8.58,0.612,0.37,1.67,0.05,12.6,28.7,0.9956,3.15,0.52,11.25,6
8.98,0.721,0.38,0.9,0.025,22.3,81.1,0.9984,3.31,0.85,11.17,6
9.55,0.783,0.17,4.23,0.123,16.6,21.6,0.9989,3.3,0.99,10.27,6
6.97,0.59,0.16,4.52,0.077,15.0,16.0,0.9978,3.25,0.66,10.51,6
5.81,0.838,0.24,0.9,0.116,29.6,70.7,0.9954,3.18,0.97,10.26,6
8.44,0.547,0.17,2.82,0.1,37.8,65.6,0.9961,3.25,0.81,9.49,5
5.33,0.724,0.56,1.78,0.113,11.4,36.9,0.9916,3.24,1.04,8.4,4
7.75,0.607,0.33,1.43,0.012,24.7,65.8,0.9965,3.22,0.74,9.66,6
7.43,0.431,0.27,3.12,0.046,19.3,52.0,0.9982,3.35,0.68,10.61,6
9.14,0.563,0.09,6.01,0.114,19.4,48.4,0.9962,3.64,0.8,11.56,6
11.67,0.621,0.41,2.3,0.027,18.5,20.4,0.9956,3.51,0.59,11.25,6
4.99,0.524,0.15,0.9,0.105,12.4,13.4,0.9961,3.6,0.73,10.1,6
12.17,0.604,0.15,0.9,0.022,1.0,17.0,0.999,3.22,0.89,9.67,6
7.9,0.686,0.42,2.39,0.088,32.0,40.3,0.9966,3.56,0.8,10.21,5
8.89,0.526,0.34,1.92,0.163,8.6,44.0,1.0002,3.34,0.65,9.36,5
5.89,0.12,0.0,0.91,0.123,13.4,14.4,0.9956,3.46,0.69,8.4,5
9.99,0.832,0.24,0.9,0.012,13.6,34.6,0.9971,3.38,0.79,8.75,6
8.37,0.476,0.29,1.31,0.127,7.7,34.2,0.9959,3.26,0.78,11.87,7
8.2,0.382,0.21,0.9,0.173,18.4,47.6,1.0006,3.42,0.79,12.39,7
5.01,0.328,0.3,1.18,0.218,15.4,53.4,0.997,3.38,0.72,11.21,6
8.43,0.469,0.0,0.9,0.109,8.4,31.8,1.0007,3.04,0.52,10.34,6
9.74,0.429,0.0,0.9,0.023,17.5,34.1,0.9959,3.29,0.55,8.91,6
7.9,0.397,0.08,0.97,0.107,15.6,70.4,0.9996,3.44,0.74,10.23,6
10.3,0.407,0.32,0.9,0.162,25.6,49.2,0.9969,3.35,0.8,11.05,6
10.23,0.625,0.0,8.21,0.078,1.8,60.2,0.9983,3.38,0.78,11.29,6
7.21,0.895,0.11,0.9,0.136,7.4,30.9,0.9944,3.2,0.55,11.14,5
11.01,0.678,0.0,2.03,0.048,23.5,53.2,0.9974,3.35,0.63,11.69,7
8.38,0.732,0.22,8.85,0.105,9.2,36.4,0.9947,3.3,0.46,12.48,5
8.38,0.462,0.64,1.27,0.012,6.4,41.0,0.9972,3.28,0.42,9.97,6
8.47,0.549,0.23,9.94,0.042,9.7,31.3,0.9938,3.21,0.67,13.4,7
8.42,0.607,0.25,8.69,0.087,14.8,46.8,0.9965,3.45,0.89,8.4,5
4.6,0.411,0.43,3.89,0.07,14.9,75.5,0.9988,3.36,0.68,9.57,6
7.98,0.453,0.27,0.9,0.026,13.7,64.7,0.9977,3.35,0.98,10.61,6
5.98,0.684,0.23,0.9,0.064,5.1,56.2,0.9944,3.62,0.63,10.99,7
11.06,0.726,0.45,4.09,0.102,24.0,27.2,0.9931,3.38,0.67,10.21,5
11.0,0.542,0.36,0.93,0.083,29.8,36.2,0.9976,3.49,0.49,9.87,5
9.75,0.315,0.32,0.9,0.09,1.0,35.4,0.9997,3.35,0.6,12.76,6
7.89,0.477,0.24,0.9,0.121,1.0,46.4,0.9949,3.26,0.46,9.82,5
6.59,0.271,0.2,1.42,0.071,26.4,46.0,1.0007,3.15,0.4,9.31,6
7.18,0.544,0.44,1.69,0.151,32.4,48.4,0.9967,3.35,0.46,12.21,6
11.6,0.576,0.21,1.05,0.041,1.0,58.9,0.993,2.91,0.67,11.31,7
7.12,0.481,0.5,3.34,0.178,24.5,68.2,0.9937,3.35,0.53,11.57,5
4.6,0.574,0.07,5.73,0.139,33.1,84.3,0.9982,3.36,0.58,10.61,6
10.05,0.605,0.54,0.9,0.07,6.8,28.0,0.9969,3.28,0.73,8.93,5
10.85,0.576,0.36,2.01,,32.5,52.1,0.9995,3.3,0.4,10.49,6
11.12,0.314,0.09,0.9,0.097,14.0,63.0,0.9944,3.12,0.67,8.78,6
10.07,0.484,0.37,8.17,0.115,19.2,43.9,0.9969,3.52,0.8,10.66,5
10.34,0.604,0.15,4.13,0.138,8.3,26.1,0.9967,3.26,0.82,11.1,7
8.39,0.814,0.28,4.77,0.024,26.4,38.1,0.9964,3.16,0.75,11.55,6
4.77,0.481,0.18,5.72,0.108,24.7,44.4,0.996,3.39,0.65,10.3,5
8.35,0.629,0.24,1.05,0.012,34.0,81.5,0.996,3.33,0.55,11.2,6
9.36,0.688,0.45,1.86,0.079,31.0,32.0,0.997,3.26,0.65,9.43,5
8.07,0.495,0.37,6.91,0.155,15.8,58.4,0.9973,3.24,0.94,11.43,6
7.99,0.737,0.06,4.43,0.02,48.5,64.4,0.9972,3.31,0.71,11.12,5
6.66,0.746,0.07,5.08,0.012,30.1,55.9,0.999,3.51,0.64,9.54,5
6.6,0.778,0.32,0.9,0.097,21.6,48.7,0.9944,3.38,0.76,10.97,5
11.42,0.613,0.34,0.9,0.152,5.4,31.0,0.9933,3.3,0.67,11.57,6
11.49,0.955,0.14,0.9,0.102,1.0,25.3,0.9986,3.44,0.7,10.48,5
8.3,0.419,0.57,0.9,0.012,1.0,22.1,0.9949,3.31,0.62,9.52,7
8.78,0.912,0.42,3.23,0.012,6.1,24.7,0.996,3.37,0.59,10.59,6
6.63,0.668,0.15,5.72,0.092,30.4,86.8,0.9955,3.33,0.83,10.99,6
9.39,0.771,0.13,1.29,0.032,21.0,51.5,0.9955,3.4,0.33,9.51,5
11.29,0.472,0.23,1.45,0.093,9.5,36.9,0.9939,3.24,0.74,9.32,4
5.7,0.682,0.21,0.9,0.096,14.5,31.6,0.9956,3.14,0.58,10.96,5
9.09,0.787,0.51,3.89,0.064,13.2,35.0,0.9979,3.45,0.34,11.28,6
9.22,0.334,0.46,5.65,0.172,24.3,41.5,0.9967,3.54,0.49,12.7,6
9.2,0.501,0.28,3.87,0.115,6.7,52.0,0.9977,3.15,0.65,11.11,6
11.09,0.145,0.4,2.18,0.144,19.6,34.5,0.9958,3.34,0.68,9.11,5
11.76,0.498,0.43,0.9,0.13,19.1,20.1,0.9984,3.24,0.79,12.58,7
7.9,0.383,0.28,3.01,0.08,7.0,38.2,0.9957,3.44,0.8,11.53,6
9.44,0.491,0.35,0.9,0.078,32.6,57.0,0.9927,3.35,0.4,8.4,4
8.44,1.056,0.38,0.9,0.073,12.8,31.1,0.9973,3.81,0.72,9.3,6
7.23,0.839,0.36,1.36,0.119,5.5,53.7,0.9982,3.26,0.78,9.87,4
8.76,0.271,0.12,1.84,0.056,24.9,25.9,0.9956,3.54,0.7,11.3,6
9.44,0.63,0.14,1.34,0.168,16.5,78.0,0.999,3.56,0.75,8.4,4
8.67,0.674,0.22,0.95,0.052,20.2,71.3,0.9951,3.39,0.33,10.27,5
6.8,0.469,0.14,3.73,0.097,3.5,20.9,0.998,3.32,0.49,11.24,5
7.51,0.562,0.0,1.11,0.076,24.4,45.4,1.0,3.32,0.89,8.4,5
7.52,0.58,0.4,5.57,0.066,38.7,78.8,0.9968,3.31,0.61,11.2,6
6.87,0.288,0.34,0.9,0.189,2.6,43.3,0.9963,3.48,1.04,11.33,5
8.83,0.344,0.02,2.84,0.066,19.6,36.9,0.9965,3.18,0.44,9.49,6
9.01,0.561,0.22,0.9,0.073,7.7,8.7,0.9998,3.29,0.93,9.17,6
9.97,0.548,0.23,2.9,0.056,44.1,116.4,0.9975,3.27,0.56,9.48,6
6.84,0.402,0.3,2.16,0.089,28.9,78.0,1.0008,3.05,0.81,8.4,5
7.32,0.387,0.06,2.52,0.082,18.9,52.0,0.9972,3.44,0.61,10.05,6
10.94,0.514,0.01,0.9,0.034,3.0,36.5,0.9955,3.47,0.68,10.63,7
8.02,0.69,0.37,0.9,0.067,5.5,48.0,0.9956,3.21,0.76,9.1,4
8.35,0.516,0.0,3.11,0.116,23.7,68.6,0.9968,3.46,0.56,11.44,6
8.0,0.822,0.23,1.6,0.135,1.6,2.6,0.9928,3.07,0.8,10.51,5
10.23,0.405,0.21,2.43,0.088,1.9,24.9,0.9958,3.31,0.61,10.68,6
10.29,0.565,0.25,1.54,0.09,16.0,36.9,0.9958,3.29,0.69,9.97,5
10.19,0.466,0.32,4.03,0.07,17.3,44.1,0.9972,3.32,0.33,11.2,6
8.35,0.636,0.57,1.62,0.063,19.9,65.3,1.0004,3.32,0.6,11.78,5
6.82,0.389,0.0,0.9,0.044,11.3,12.3,0.9968,3.3,0.87,9.96,5
11.57,0.877,0.44,0.9,0.014,25.6,28.6,0.993,3.25,0.78,11.21,6
9.76,0.226,0.0,11.67,0.054,6.9,23.2,0.995,3.29,0.81,11.23,7
7.52,0.839,0.53,1.6,0.129,22.5,55.6,0.9972,3.51,0.67,10.85,6
10.72,0.546,0.0,3.3,0.067,18.1,64.8,0.9969,3.22,0.94,12.19,7
7.39,0.629,0.73,6.89,0.071,22.2,84.8,0.9998,3.65,0.71,9.62,6
10.7,0.77,0.2,2.15,0.07,28.3,52.6,0.9985,3.21,0.55,9.95,5
10.81,0.684,0.52,1.14,0.146,11.1,57.7,0.9985,3.35,0.81,9.57,5
6.73,0.399,0.48,7.27,0.043,9.0,53.2,0.9963,3.4,0.82,11.18,6
9.29,0.638,0.19,1.95,0.1,1.0,41.8,0.9988,3.27,0.77,10.11,5
9.63,0.866,0.2,3.1,0.084,1.0,30.5,0.995,3.52,0.59,9.66,5
12.75,0.37,0.11,1.64,0.09,14.1,36.1,0.9985,3.39,0.71,12.18,6
7.04,0.911,0.42,3.46,0.098,14.8,23.5,0.9962,3.28,0.9,12.34,6
10.74,0.599,0.19,1.22,0.09,4.5,11.9,0.9939,3.52,0.74,10.05,5
8.33,0.452,0.11,3.2,0.124,6.8,43.7,0.9978,3.16,0.41,8.94,5
6.19,0.369,0.37,5.2,0.086,31.9,60.8,0.9994,3.23,0.55,12.39,6
8.1,0.49,0.1,2.14,0.169,25.1,46.8,0.9959,3.39,0.55,10.9,6
8.3,0.178,0.21,7.26,0.089,2.7,45.9,0.9997,3.43,0.53,10.85,5
6.5,0.455,0.29,0.9,0.012,11.3,37.2,0.9936,3.36,0.33,10.51,6
8.83,0.483,0.15,7.38,0.117,20.2,31.9,0.9944,3.29,0.98,9.54,5
9.93,0.337,0.18,3.08,0.105,9.3,34.0,0.9964,3.27,0.51,9.96,6
8.7,0.665,0.56,0.9,0.089,7.4,53.8,0.996,3.48,0.52,11.13,5
7.38,0.491,0.23,2.04,0.075,12.3,21.9,0.9954,3.35,0.33,9.92,6
8.05,0.416,0.2,0.9,0.012,27.4,61.5,0.997,3.18,0.81,10.86,7
8.29,0.471,0.24,0.9,0.012,28.3,57.2,0.9957,3.17,0.64,10.41,5
8.67,0.594,0.36,0.9,0.164,8.2,23.0,0.996,3.54,0.6,9.27,5
10.19,0.543,0.07,3.86,0.059,20.7,44.9,0.9972,3.2,0.61,12.13,7
8.76,0.404,0.35,4.15,0.132,15.8,16.8,0.9954,3.35,0.76,11.04,5
5.92,0.553,0.32,1.34,0.012,5.3,37.5,0.9965,3.51,0.58,10.75,5
7.34,0.521,0.0,1.48,0.038,12.8,15.5,0.9955,3.39,0.33,10.99,6
8.58,0.325,0.61,3.82,0.119,2.6,54.1,0.9944,3.2,0.44,8.48,4
10.21,0.478,0.55,0.9,0.082,28.1,56.3,0.9982,3.16,0.43,9.87,5
10.51,0.634,0.12,0.9,0.112,32.2,50.8,0.9999,3.59,0.71,8.77,4
11.32,0.633,0.06,0.9,0.086,11.6,64.8,0.9987,3.15,0.82,10.53,6
8.52,0.489,0.31,4.9,0.077,9.1,18.4,0.9973,3.23,0.91,10.75,6
9.6,0.652,0.0,1.28,0.055,27.0,42.0,0.9955,3.37,,10.55,5
5.83,0.354,0.53,4.13,0.031,28.7,29.7,0.9962,3.28,0.77,11.66,6
9.03,0.359,0.18,7.91,0.153,4.2,60.4,0.9987,3.4,0.56,8.8,6
6.47,0.485,0.58,0.9,0.161,14.3,81.8,0.9924,3.09,1.16,9.54,5
8.19,0.8,0.11,2.3,0.038,15.3,16.3,0.996,3.28,0.9,10.84,5
13.45,0.559,0.25,3.68,0.035,7.8,21.5,0.9981,3.41,0.95,10.68,5
8.82,0.48,0.51,0.9,0.071,20.0,51.3,0.9945,3.41,0.8,8.99,6
6.83,0.808,0.21,2.71,,8.6,28.2,0.9975,3.22,0.72,11.68,6
8.99,0.478,0.32,0.94,0.078,10.2,39.6,0.9974,3.16,0.59,12.05,7
7.42,0.932,0.48,2.59,0.11,14.8,42.5,0.9939,3.34,0.56,10.86,5
6.67,0.438,0.16,0.9,0.085,1.0,39.2,0.9969,3.11,0.52,8.79,5
11.88,0.348,0.03,5.92,0.082,1.0,11.8,0.9955,3.5,0.76,10.57,7
10.11,0.5,0.0,7.2,0.2,25.5,59.4,0.9975,3.33,0.93,10.76,5
8.89,0.485,0.38,0.9,0.062,8.1,15.8,0.998,3.21,0.6,10.11,5
7.63,0.385,0.34,5.57,0.164,38.3,60.1,0.9975,3.15,0.54,11.84,6
7.77,0.998,0.47,1.76,0.155,36.6,37.6,0.9968,3.22,0.41,10.28,5
10.92,0.587,0.22,0.9,0.111,10.6,32.5,0.9972,3.08,0.7,12.65,7
8.82,0.614,0.0,0.9,0.012,40.5,59.0,0.9945,3.38,0.87,11.24,6
4.6,0.447,0.0,5.96,0.088,25.7,74.6,0.9966,3.19,0.88,10.7,6
12.42,0.426,0.81,2.59,0.063,9.1,37.9,0.9952,3.37,0.89,11.38,6
8.61,0.715,0.37,0.9,0.088,1.0,33.5,0.9987,3.39,0.73,12.04,6
8.88,0.228,0.3,2.02,0.037,23.1,52.7,0.998,3.45,0.68,11.36,6
10.15,0.324,0.32,3.5,0.123,16.2,17.2,0.998,3.35,0.88,10.32,7
9.09,0.485,0.0,1.67,0.133,20.4,21.4,1.0,3.48,0.47,9.69,5
9.57,0.773,0.12,0.9,0.142,13.5,37.1,0.9961,3.52,0.59,9.2,5
7.58,0.463,0.6,6.28,0.069,3.9,39.5,0.9957,3.35,0.95,8.4,5
6.21,0.605,0.4,9.94,0.037,11.4,36.7,0.996,3.36,0.48,10.59,6
8.78,0.535,0.12,1.72,0.104,23.3,36.0,0.9937,3.23,0.65,9.99,6
10.73,0.763,0.04,1.98,0.17,12.2,37.4,0.9938,3.16,0.77,10.04,5
7.2,0.245,0.17,0.9,0.09,12.1,35.6,0.9979,3.5,0.67,11.5,7
7.06,0.662,0.21,3.66,0.108,1.0,46.6,0.994,3.4,0.86,10.28,6
10.38,0.494,0.66,2.29,0.076,16.9,61.3,0.9947,3.41,0.92,12.43,6
7.52,0.696,0.23,0.9,0.063,4.2,23.2,0.9965,3.22,0.74,9.79,5
7.6,0.383,0.04,2.06,0.118,25.5,54.5,0.9959,3.55,0.9,9.36,6
7.67,0.534,0.26,1.0,0.082,8.2,43.7,0.9984,3.28,0.5,9.05,5
8.19,0.512,0.32,0.9,0.106,12.8,51.3,0.9968,3.19,0.63,11.17,5
5.62,0.35,0.03,2.0,0.111,38.6,101.7,0.9952,3.22,1.07,11.63,7
7.38,0.3,0.35,0.9,0.103,12.7,42.1,0.9985,3.55,0.99,9.76,5
8.69,0.426,0.5,5.15,0.113,11.3,64.6,0.9981,3.14,0.44,9.26,6
8.68,0.553,0.3,0.9,0.047,22.0,28.8,0.994,,0.66,12.04,5
10.27,0.394,0.12,3.7,0.044,1.0,18.2,0.9972,3.74,0.68,8.85,5
11.43,0.471,0.17,0.9,0.085,29.0,30.0,0.9953,3.45,0.73,11.48,7
10.87,0.191,0.0,3.48,0.086,26.3,59.4,0.9953,3.2,0.88,9.79,6
9.85,0.463,0.24,1.38,0.062,21.4,64.4,1.0003,3.15,0.97,10.82,6
8.05,0.714,0.33,0.9,0.098,1.0,2.0,0.9969,3.06,0.67,11.55,5
7.24,0.657,0.1,8.27,0.13,13.2,46.9,0.9963,3.32,0.85,10.91,6
8.33,0.514,0.64,1.22,0.143,2.5,44.6,0.9969,3.42,0.77,10.08,5
9.3,0.574,0.42,1.01,0.153,27.7,68.6,0.9984,3.54,0.66,11.89,6
9.7,0.381,0.0,3.1,0.025,27.0,33.0,0.9954,3.03,0.37,10.71,7
9.36,0.822,0.0,2.46,0.032,20.0,65.4,0.9957,3.11,0.83,14.34,8
8.09,0.902,0.08,2.27,0.073,3.3,33.5,0.9979,3.29,0.76,8.58,5
9.64,0.56,0.57,5.19,0.091,31.6,73.4,0.9938,3.73,0.73,8.56,5
10.44,0.996,0.44,2.76,0.076,13.1,40.6,0.9986,3.44,0.49,11.46,5
9.8,0.408,0.58,1.31,0.061,34.9,72.5,0.9937,3.37,0.99,10.37,6
8.25,0.305,0.27,2.03,0.073,18.7,70.9,0.9962,3.13,0.69,11.25,5
6.88,0.402,0.23,0.9,0.11,21.2,47.1,0.9937,2.99,0.47,9.22,4
6.84,0.49,0.03,2.97,0.025,11.1,46.7,0.9947,3.32,0.44,10.46,5
7.14,0.946,0.34,1.69,0.197,30.7,85.7,0.9992,3.3,0.78,10.89,5
8.74,0.479,0.23,1.19,0.088,22.3,49.6,0.9987,3.27,0.78,9.82,5
9.18,0.375,0.23,3.43,0.136,31.1,38.5,0.9989,3.25,0.58,10.65,6
5.9,0.368,0.58,7.91,0.06,17.8,61.3,0.9939,3.2,0.74,8.94,5
7.44,0.735,0.25,2.95,0.114,15.4,74.1,0.9947,3.16,0.77,10.82,5
8.71,0.71,0.52,0.9,0.092,22.1,77.9,0.9973,3.52,0.68,11.95,7
6.77,0.443,0.0,1.27,0.127,31.0,75.3,0.9981,3.18,0.54,9.08,4
9.04,0.192,0.78,4.94,0.078,26.6,27.6,0.9952,3.27,0.82,9.01,6
7.78,0.327,0.2,0.97,0.16,17.4,34.6,0.9956,3.3,0.8,11.67,5
7.07,0.84,0.4,2.5,0.017,1.0,19.3,0.9946,3.42,0.76,8.99,5
8.39,0.654,0.43,1.42,0.132,24.4,55.3,0.9999,3.18,0.52,11.3,5
8.97,0.542,0.18,0.9,0.093,1.0,64.8,0.9958,3.46,0.43,10.46,5
6.86,0.866,0.43,1.45,0.039,16.3,24.7,0.9968,3.22,0.67,9.95,6
7.89,0.882,0.44,0.9,0.179,14.7,89.5,0.9969,3.29,0.82,11.97,5
9.1,0.524,0.13,1.52,0.174,1.0,23.4,0.9988,3.56,0.84,11.39,5
7.0,0.527,0.14,3.8,0.012,19.8,34.5,0.9949,3.16,0.76,10.7,6
5.48,0.425,0.28,1.91,0.095,38.5,85.4,0.9989,3.42,0.58,8.4,5
5.69,0.479,0.25,0.97,0.12,12.6,61.1,0.9943,3.46,0.52,11.16,6
7.59,0.262,0.53,0.9,0.108,23.9,66.9,0.9989,3.36,0.66,9.25,5
6.06,0.262,0.4,3.48,0.158,40.6,55.2,0.9934,3.29,0.66,10.16,5
7.71,0.22,0.26,4.68,0.148,25.0,65.0,0.9965,3.63,0.85,10.41,5
11.13,0.725,0.39,0.9,0.099,9.1,18.5,0.9998,3.31,0.58,12.43,6
5.96,0.249,0.0,2.87,0.194,18.4,32.4,0.998,3.34,0.59,10.13,5
7.82,0.881,0.15,0.96,0.131,20.9,49.1,0.9975,3.26,1.01,8.88,4
11.92,0.399,0.32,0.9,0.07,31.0,44.6,0.9947,3.33,0.92,11.97,7
8.99,0.843,0.48,0.9,0.061,28.6,79.7,0.9953,3.45,0.51,11.18,6
7.67,0.464,0.31,4.92,0.145,1.0,19.4,0.9993,3.27,0.91,11.22,6
8.03,0.248,0.55,0.9,0.05,6.9,32.5,0.9976,2.99,0.47,11.99,6
9.03,0.761,0.43,0.9,0.068,15.2,27.6,0.9984,3.39,0.59,12.24,6
11.18,0.782,0.18,7.7,0.076,5.2,56.0,0.9968,3.15,0.61,9.45,5
7.4,0.367,0.24,0.9,0.104,1.0,17.7,0.9962,3.42,0.65,8.91,5
7.01,0.47,0.35,0.9,0.078,8.3,61.1,0.9982,3.31,0.77,11.3,7
5.96,0.367,0.18,0.9,0.025,15.9,67.2,0.9972,3.45,0.68,10.12,6
8.48,0.508,0.56,8.05,0.142,10.4,31.5,0.9964,3.17,0.76,10.22,5
5.91,0.549,0.06,2.95,0.068,5.4,36.0,0.994,3.23,0.59,9.2,5
7.51,0.467,0.33,1.91,0.182,16.3,36.9,0.9985,3.26,0.72,11.02,6
6.76,0.203,0.41,5.38,0.101,19.5,60.4,0.9975,3.09,0.67,10.83,6
10.13,0.425,0.21,0.9,0.147,11.0,37.1,0.9955,3.48,0.42,10.23,6
7.44,0.657,0.17,2.77,0.117,30.3,52.0,0.9989,3.07,0.74,8.91,5
8.97,0.492,0.26,1.43,0.149,16.5,47.4,0.9972,3.47,0.68,11.69,6
5.57,0.471,0.42,0.9,0.114,6.7,7.7,0.9972,3.37,0.54,10.67,5
8.52,0.362,0.18,1.99,0.098,4.1,32.6,0.9984,3.28,0.59,11.6,6
6.25,0.42,0.07,3.7,0.138,13.7,56.7,0.998,3.36,0.59,8.4,5
7.58,0.784,0.49,1.71,0.204,27.6,60.4,0.9973,3.36,0.62,10.46,5
12.06,0.325,0.35,1.08,0.074,7.3,56.3,0.9963,3.25,0.96,9.63,5
9.88,0.66,0.46,0.9,0.124,22.2,44.6,1.0005,3.35,1.02,10.44,5
8.08,0.538,0.41,2.23,0.087,16.9,37.7,0.9953,3.42,0.33,11.41,6
13.74,0.574,0.68,0.9,0.111,36.8,44.5,0.9981,3.17,0.74,10.8,6
6.74,0.398,0.48,1.1,0.089,20.0,41.9,0.9965,3.36,0.82,10.42,5
10.28,0.467,0.13,1.11,0.012,8.6,77.9,0.9976,2.92,0.62,10.41,6
5.69,0.529,0.36,1.6,0.078,23.6,59.1,0.999,3.02,0.82,8.73,4
7.89,0.436,0.16,1.42,0.134,24.0,42.3,0.9961,3.39,0.94,9.43,5
6.01,0.59,0.18,4.81,0.051,11.7,21.6,0.9978,3.25,0.43,11.6,6
8.74,0.612,0.0,1.91,0.13,3.7,4.7,0.9972,3.18,0.68,9.86,4
8.4,0.921,0.22,2.95,0.096,21.5,34.9,0.9955,3.3,0.99,11.62,6
7.78,0.58,0.37,2.14,0.078,16.6,61.8,0.9991,3.25,0.45,11.28,6
10.16,0.186,0.26,0.9,0.13,1.0,22.5,0.9981,3.16,0.64,11.34,6
7.34,0.739,0.06,0.9,0.119,18.6,29.4,0.9959,3.06,0.58,10.76,6
8.86,0.493,0.0,0.9,0.107,9.2,22.2,0.9988,3.01,0.84,9.93,5
9.69,0.892,0.67,2.02,0.135,1.0,44.0,0.9951,3.42,0.86,10.24,5
5.78,0.795,0.33,7.06,0.097,12.2,40.6,0.9966,3.25,0.69,11.09,5
7.03,0.439,0.11,0.9,0.012,29.4,46.8,0.9959,3.46,0.67,8.4,6
8.39,0.66,0.36,1.34,0.069,28.6,52.4,0.9981,3.25,0.37,11.73,5
9.37,0.423,0.69,1.94,0.012,25.8,100.0,0.9958,3.36,0.9,9.86,6
10.72,0.53,0.39,0.99,0.118,18.7,73.1,0.9981,3.29,0.6,10.31,5
7.93,0.652,0.0,2.39,0.129,22.2,81.5,0.9978,3.32,0.64,10.32,6
7.76,0.73,0.77,1.12,0.131,16.9,17.9,0.996,3.32,0.83,10.36,5
6.82,0.691,0.0,1.37,0.11,4.3,31.3,1.0002,3.24,0.69,8.99,5
8.86,0.543,0.23,3.66,0.132,6.4,23.5,0.9953,3.13,0.83,10.56,6
7.79,0.977,0.05,1.68,0.013,9.5,50.4,0.994,3.42,0.76,11.04,6
7.83,0.464,0.13,3.09,0.082,30.6,81.8,0.9983,3.55,0.69,8.4,5
8.14,0.241,0.32,1.91,0.02,27.2,63.7,0.9926,3.56,0.71,9.01,5
9.24,0.275,0.0,0.9,0.07,4.6,17.1,0.9995,3.23,0.47,11.36,5
7.34,0.795,0.25,1.04,0.163,16.5,33.2,0.9969,3.2,0.63,11.16,6
6.99,0.516,0.49,2.2,0.138,11.7,54.1,0.994,3.23,0.84,10.72,6
9.03,0.559,0.11,1.35,0.118,14.3,58.7,0.9949,3.28,0.51,9.67,5
4.6,0.432,0.01,0.9,0.078,10.3,43.1,0.9936,3.3,0.54,11.17,6
7.27,0.449,0.24,2.3,0.04,30.7,63.3,0.9974,3.16,0.51,9.11,5
6.34,0.388,0.21,2.8,0.096,15.7,46.7,0.9942,3.09,0.69,10.25,6
10.35,0.615,0.16,0.9,0.139,18.2,53.6,0.9977,3.32,0.9,9.0,5
7.55,0.512,0.04,5.81,0.106,18.3,62.6,0.9961,2.78,0.75,10.23,5
7.35,0.608,0.37,1.66,0.012,5.1,47.7,0.9958,3.29,0.33,9.3,4
8.22,0.591,0.38,0.9,0.092,17.0,47.5,0.9977,3.17,0.77,11.21,5
7.29,0.453,0.07,0.9,0.012,27.1,56.1,0.9979,3.43,0.58,10.86,5
7.62,0.267,0.09,1.81,0.125,31.4,59.6,0.9989,3.47,0.75,9.79,5
8.47,0.252,0.3,0.9,,3.8,18.2,0.9955,3.47,0.63,11.57,7
7.58,1.075,0.09,1.45,0.03,1.0,15.1,0.9966,3.26,0.51,9.38,4
7.57,0.796,0.3,5.19,0.125,16.6,57.4,0.9955,3.14,0.65,10.36,5
6.58,0.771,0.55,7.43,0.113,27.5,43.3,0.997,3.19,0.58,9.74,5
6.34,0.409,0.26,4.49,0.098,19.7,66.0,0.9952,3.35,0.71,11.19,6
8.4,0.532,0.04,1.4,0.19,23.0,52.0,0.9959,3.06,0.51,11.09,6
8.82,0.383,0.34,4.23,0.117,1.6,48.0,0.9959,3.52,0.47,11.79,7
5.87,0.294,0.24,2.93,0.057,9.9,52.6,0.9973,3.26,0.78,10.49,7
9.59,0.424,0.24,3.49,0.111,1.0,47.9,0.9967,,0.85,8.4,5
9.6,0.769,0.36,2.57,0.074,14.4,34.9,0.9977,3.04,0.76,9.94,6
9.96,0.681,0.4,0.9,0.147,1.0,39.2,0.9965,3.17,0.55,12.07,6
8.81,0.355,0.28,2.97,0.1,29.9,74.7,0.9956,3.02,0.53,10.05,5
9.38,0.473,0.26,2.58,0.105,32.2,33.2,0.9971,3.46,,8.4,5
12.01,0.665,0.66,3.34,0.019,17.4,81.4,0.995,3.29,0.81,10.88,6
7.79,0.427,0.5,0.9,0.09,1.0,76.3,0.9978,3.4,0.52,10.96,6
6.52,0.544,0.43,1.37,0.084,19.8,68.8,0.9962,3.32,0.81,9.62,4
5.69,0.602,0.29,0.9,0.039,35.4,81.5,0.9971,3.38,0.77,10.14,6
11.28,0.6,0.08,0.9,0.077,20.9,62.7,0.9971,3.26,0.87,9.49,6
11.31,0.576,0.48,0.9,0.107,28.3,51.9,0.9997,3.28,0.84,10.96,6
6.73,0.412,0.3,5.08,0.087,10.8,38.6,0.9974,3.3,0.75,10.46,5
7.06,0.431,0.16,2.26,0.021,6.8,56.0,0.9968,3.37,0.41,9.15,5
7.75,0.326,0.22,2.24,0.074,15.2,25.7,0.9954,3.37,0.76,10.39,7
10.38,0.249,0.09,13.3,0.065,1.0,9.8,0.9982,3.73,0.68,9.62,6
6.11,0.509,0.47,0.9,0.096,39.7,61.7,0.9962,3.56,0.6,11.96,5
4.96,0.677,0.4,1.61,0.091,17.4,60.5,0.9938,3.04,0.89,11.36,6
11.98,0.282,0.3,1.97,0.068,25.0,37.7,0.9963,3.29,0.63,10.27,6
8.83,0.579,0.26,3.53,0.066,11.1,36.5,0.9971,3.25,0.57,10.49,6
9.07,0.671,0.14,1.2,0.09,1.0,28.9,0.9951,3.5,0.85,11.48,6
7.95,0.199,0.0,2.0,0.132,30.9,40.6,0.9965,3.26,0.59,10.21,6
9.09,0.481,0.0,1.08,0.1,4.1,5.1,0.9966,3.38,0.56,11.21,5
5.73,0.826,0.13,5.45,0.154,19.6,29.0,0.9966,2.96,0.47,11.98,6
6.87,0.629,0.1,2.22,0.14,20.6,55.8,0.999,3.08,0.52,9.87,5
8.48,0.193,0.32,6.15,0.157,16.7,56.4,0.9942,3.62,0.54,12.16,6
4.6,0.649,0.42,2.45,0.151,7.7,47.5,1.0006,3.32,0.77,11.85,6
7.79,0.395,0.25,3.94,0.16,14.3,56.5,0.9966,3.16,0.49,10.67,5
7.68,0.654,0.54,3.06,0.033,5.9,23.4,0.9978,3.35,0.34,9.93,5
7.79,0.406,0.12,0.9,0.117,24.4,37.6,0.9969,3.15,0.71,10.65,6
7.36,0.52,0.24,0.9,0.144,21.9,59.4,0.9934,3.27,0.55,10.14,6
6.61,0.433,0.26,0.95,0.153,15.7,41.4,0.9947,3.09,0.66,9.55,5
5.2,0.531,0.48,2.31,0.051,9.9,58.1,0.9957,3.19,0.88,10.97,7
8.55,0.428,0.29,4.75,0.118,38.0,75.7,0.9986,3.25,0.67,9.3,5
7.79,0.49,0.3,2.53,0.091,2.2,57.9,0.9941,3.48,0.92,10.04,6
5.96,0.318,0.0,1.54,0.174,1.0,21.7,0.9951,3.38,0.65,10.05,6
8.41,0.618,0.1,0.9,,15.0,66.4,0.997,3.41,0.83,8.94,5
7.8,0.562,0.48,1.59,0.051,13.2,83.9,0.9976,3.31,0.57,11.1,6
7.52,0.239,0.0,6.85,0.012,27.4,58.5,0.9975,3.43,0.68,10.16,6
4.63,0.709,0.53,2.58,0.094,22.7,62.7,0.9948,3.18,0.5,11.79,6
9.46,0.498,0.36,0.9,0.193,16.2,27.6,0.9937,3.2,0.52,10.14,5
6.2,0.559,0.13,3.27,0.085,21.2,69.0,0.9977,3.37,0.62,9.96,5
8.41,0.668,0.11,0.9,0.092,21.0,73.5,0.9994,3.27,0.43,9.43,6
6.93,0.589,0.63,2.88,0.113,38.0,58.1,0.996,3.31,0.69,10.44,5
7.64,0.74,0.54,0.9,0.082,18.6,60.3,0.9945,3.29,0.61,10.45,5
10.26,0.477,0.25,0.9,0.104,8.7,44.4,0.9959,3.5,0.7,11.19,5
9.2,0.716,0.3,1.87,0.105,18.0,55.8,0.9974,3.51,0.44,10.47,6
10.22,0.552,0.15,3.39,0.047,1.0,47.2,0.9963,3.22,0.78,12.64,7
8.86,0.621,0.3,3.46,0.083,15.6,55.9,0.9994,3.05,0.95,10.89,6
8.97,0.603,0.14,4.54,0.122,27.4,54.6,0.9985,3.2,0.91,9.34,6
5.27,0.753,0.26,1.68,0.131,22.2,68.9,0.9971,3.18,0.98,9.25,5
7.76,0.66,0.61,1.27,0.148,19.0,71.3,0.993,3.43,0.67,10.97,6
7.92,0.45,0.25,2.76,0.103,22.7,41.6,0.9954,3.45,0.6,9.31,6
10.38,0.415,0.07,4.75,0.104,27.5,57.4,0.9957,3.16,0.74,11.04,6
7.44,0.521,0.01,0.9,0.122,30.9,31.9,0.9953,3.2,0.62,11.36,5
8.75,0.393,0.29,3.81,0.059,20.6,62.3,0.9971,3.09,0.36,11.38,5
8.68,0.341,0.13,5.95,0.057,12.6,67.0,0.9971,3.33,0.8,9.47,5
10.27,0.147,0.32,4.13,0.081,1.0,25.9,0.9935,3.3,0.62,11.39,7
8.07,0.251,0.0,1.11,0.027,26.2,58.8,0.9982,3.43,0.41,10.75,6
9.71,0.887,0.4,3.68,0.106,21.3,46.9,0.9967,3.38,0.57,9.75,5
5.4,0.412,0.07,1.17,0.136,17.5,39.8,0.9974,3.4,0.62,10.23,5
5.56,0.873,0.28,0.91,0.054,8.7,43.3,0.9981,3.08,0.66,10.9,5
4.6,0.603,0.21,7.85,0.107,26.0,40.3,0.9952,3.22,0.66,9.68,5
9.64,0.521,0.6,2.15,0.057,13.2,38.5,0.9991,3.45,0.89,10.72,5
9.45,0.26,0.3,4.32,0.039,15.5,27.4,0.9964,3.23,0.44,11.95,6
9.82,0.531,0.64,1.71,0.184,15.3,57.1,0.9996,3.07,0.63,11.43,6
7.15,0.871,0.38,1.5,0.04,20.6,55.4,0.995,3.43,0.51,10.49,5
7.34,0.81,0.54,2.76,0.027,3.8,25.2,0.9994,3.22,0.87,10.65,6
8.09,0.579,0.23,3.88,0.097,21.8,52.5,0.995,3.47,0.56,9.82,5
10.75,0.323,0.34,2.73,0.1,8.3,33.9,1.0015,3.31,0.6,9.85,6
11.18,0.358,0.5,1.74,0.118,8.7,61.6,0.9949,3.27,0.84,8.76,5
9.65,0.377,0.44,1.27,0.181,25.2,46.4,0.9987,3.51,0.89,10.67,6
8.86,0.76,0.37,1.08,0.05,5.5,48.2,0.996,,0.91,11.13,5
10.57,0.824,0.21,0.9,0.06,25.2,41.1,0.9981,3.53,0.38,10.32,6
7.87,0.565,0.24,2.88,0.163,17.0,63.2,0.9966,3.21,0.74,9.46,5
7.64,0.475,0.49,2.36,0.131,1.0,51.7,0.9946,3.33,0.71,10.47,7
8.08,0.809,0.53,0.9,0.125,30.2,81.9,0.9914,3.34,0.65,11.84,6
6.64,0.354,0.16,1.76,0.059,19.2,78.6,1.0015,3.25,0.67,11.36,6
8.0,0.539,0.13,3.32,0.14,20.0,55.9,0.9968,3.2,0.88,10.37,6
6.4,0.613,0.1,1.28,0.125,26.5,81.2,0.9911,3.25,0.84,12.59,6
10.04,0.375,0.43,7.12,0.096,31.6,94.1,0.9973,3.16,0.81,13.29,7
9.22,0.416,0.09,0.9,0.06,18.0,25.6,0.998,3.6,0.7,9.89,6
10.73,0.402,0.43,0.9,0.092,22.4,40.3,0.9953,3.24,1.05,10.14,6
5.53,0.785,0.37,3.79,0.164,19.8,20.8,0.9954,3.48,0.59,11.14,5
11.53,0.875,0.17,3.7,0.036,12.3,63.5,0.9967,3.46,0.39,9.42,4
5.63,0.551,0.57,2.46,0.049,1.0,2.0,0.999,3.36,0.61,11.31,5
6.26,0.482,0.0,2.06,0.057,18.2,19.2,0.9969,3.29,0.67,10.51,5
7.24,0.422,0.59,0.9,0.068,30.4,38.4,0.9995,3.34,0.88,10.8,7
10.52,0.53,0.33,0.9,0.086,22.0,23.0,0.9988,3.4,0.57,9.78,6
8.68,0.431,0.0,1.7,0.132,4.7,40.1,0.9963,3.33,0.74,9.56,6
7.89,0.513,0.57,0.9,0.109,27.4,35.7,0.9937,3.07,0.41,8.4,5
6.95,0.604,0.45,0.9,0.09,12.7,13.7,0.9963,3.04,0.84,11.99,6
5.96,0.457,0.19,3.02,0.1,1.0,30.2,0.9977,3.54,0.67,11.41,5
10.23,0.496,0.09,8.57,0.116,26.6,56.9,0.9968,2.91,0.61,11.12,5
9.66,0.497,0.0,1.38,0.012,6.0,7.0,0.9979,3.34,1.02,10.77,5
10.6,0.473,0.73,1.31,0.137,34.6,50.3,0.9983,3.27,0.84,8.4,4
8.97,0.451,0.09,1.72,0.048,28.0,56.5,0.9977,3.33,0.48,9.6,5
4.6,0.667,0.03,0.9,0.066,13.5,36.4,0.9962,3.14,0.64,10.13,6
6.18,0.211,0.32,1.99,0.103,20.7,44.1,0.9977,3.36,1.13,9.24,6
9.09,0.813,0.0,2.55,0.083,41.4,94.9,1.0009,3.34,1.0,8.59,5
7.67,0.554,0.08,0.9,0.11,26.4,99.3,0.9939,3.72,0.82,9.35,6
7.35,0.64,0.46,1.55,0.094,18.4,42.1,0.9976,3.33,0.35,10.45,5
6.42,0.661,0.36,4.17,0.073,46.2,49.8,1.0002,3.51,0.89,10.45,6
9.91,0.403,0.2,0.9,0.159,17.1,42.4,0.9945,3.09,0.55,11.37,5
9.08,0.365,0.27,2.86,0.12,22.0,55.9,0.9986,3.46,0.88,12.61,7
9.15,0.344,0.19,1.89,0.101,6.1,35.0,0.9989,3.34,0.54,11.13,6
7.22,0.486,0.26,0.9,0.12,1.0,43.2,0.9939,3.35,0.74,10.21,6
8.6,0.656,0.13,1.13,0.054,12.9,87.1,0.9981,3.35,0.55,12.33,6
6.03,0.425,0.16,1.15,0.189,16.3,17.3,0.9962,3.57,0.6,8.71,5
8.08,0.639,0.15,0.9,0.036,19.4,39.2,0.9966,3.35,0.77,8.4,5
4.6,0.12,0.13,1.97,0.092,1.0,61.8,0.9961,3.19,0.44,9.45,5
5.63,0.461,0.47,0.9,0.074,22.8,42.4,0.9992,3.22,1.06,11.27,7
7.75,0.74,0.42,6.85,0.072,7.2,53.0,0.9965,3.43,0.49,10.58,5
12.34,0.499,0.09,1.26,0.066,22.3,64.9,0.9958,3.38,0.48,9.19,5
5.24,0.381,0.04,1.48,0.051,25.7,80.5,0.9959,3.08,,9.62,7
6.19,0.412,0.24,0.9,0.143,11.7,80.0,0.9961,3.39,0.88,9.07,6
8.67,0.12,0.68,0.9,0.03,5.8,42.4,0.9946,3.15,0.6,9.07,5
11.31,0.348,0.07,3.63,0.133,32.1,33.1,0.9958,3.38,0.48,12.06,6
8.64,0.72,0.24,1.6,0.117,25.1,41.1,0.9969,3.19,0.5,10.25,6
9.49,0.425,0.29,0.92,0.069,17.5,91.2,0.9975,3.27,0.48,12.29,6
7.73,0.446,0.25,6.46,0.112,31.3,33.0,0.999,3.23,0.71,9.45,5
7.43,0.12,0.18,3.08,0.08,16.8,56.7,0.9972,3.54,0.65,10.93,6
8.44,0.236,0.49,1.28,0.035,9.4,10.4,0.9958,3.37,0.73,10.64,6
7.18,0.744,0.36,4.62,0.036,5.4,8.4,0.9948,3.5,0.72,11.34,5
9.53,0.641,0.43,3.06,0.118,14.8,62.5,0.9973,3.74,0.8,10.67,6
5.57,0.296,0.38,1.81,0.115,24.0,54.7,0.9965,3.32,0.59,11.45,6
9.81,0.416,0.44,4.51,0.098,30.5,53.0,0.9965,3.54,0.53,10.99,6
8.37,0.525,0.57,1.66,0.069,16.1,29.9,0.9972,3.21,0.69,9.23,5
7.93,0.315,0.52,0.98,0.078,28.6,29.6,0.9977,3.5,0.65,11.18,6
5.51,0.169,0.71,3.62,0.072,13.7,57.5,0.9972,3.19,0.7,10.29,6
6.63,0.501,0.5,1.13,0.012,7.7,32.0,0.9964,3.31,0.54,9.57,6
10.34,0.633,0.14,2.6,0.09,2.2,3.2,0.9952,3.39,0.77,11.14,6
7.95,0.637,0.43,3.17,0.112,10.6,41.2,0.9955,3.41,0.46,11.39,5
8.77,0.688,0.4,13.29,0.09,2.6,44.2,0.9983,3.12,0.59,9.88,6
6.8,0.25,0.63,5.2,0.17,37.0,63.0,0.9959,3.18,0.85,10.02,6
8.25,0.54,0.09,0.9,0.04,20.5,52.8,0.9941,3.4,0.47,8.92,5
5.97,0.482,0.38,0.9,0.056,14.9,45.7,0.9989,3.25,0.84,8.47,6
8.47,0.514,0.14,4.17,0.093,34.0,49.8,0.9949,3.1,0.42,10.14,5
8.93,0.492,0.37,1.18,0.098,2.2,33.3,0.9968,3.3,0.39,11.25,5
8.85,0.411,0.23,0.9,0.012,14.5,59.2,0.9976,3.29,0.41,9.79,6
6.76,0.12,0.36,2.77,0.115,36.9,87.6,0.9967,3.34,0.68,11.93,6
7.72,0.739,0.0,3.71,0.099,14.4,60.2,0.992,3.39,0.78,10.18,6
9.21,0.589,0.42,0.9,0.012,41.6,58.1,0.9974,3.38,0.88,10.18,5
7.94,0.263,0.31,2.08,0.082,24.1,66.9,0.9992,3.19,0.87,10.09,6
7.81,0.615,0.3,3.55,0.049,29.6,68.9,0.9982,3.25,0.81,11.45,6
11.54,0.449,0.64,0.9,0.066,29.9,45.7,0.9927,3.45,0.52,9.37,6
6.68,0.455,0.2,0.9,0.024,15.9,36.6,1.0007,3.23,0.52,10.26,5
10.14,0.392,0.34,0.9,0.107,10.8,54.4,0.9942,3.25,0.79,9.81,5
6.34,0.627,0.29,2.95,0.17,14.7,72.2,0.9947,3.08,0.9,9.8,6
9.41,0.386,0.31,0.9,0.099,5.5,6.5,0.9982,3.31,0.48,10.44,6
9.5,0.333,0.69,1.94,0.012,15.2,78.0,0.9976,3.36,0.88,10.28,7
7.43,0.734,0.28,1.24,0.1,15.9,69.1,0.9969,3.01,0.33,11.53,6
6.23,0.498,0.16,1.69,0.078,33.6,67.6,0.9956,3.15,0.73,10.39,6
4.95,0.503,0.63,0.9,0.035,22.1,47.3,0.9992,3.1,0.64,10.99,6
7.25,0.655,0.21,1.1,,40.7,78.5,0.9966,3.43,0.63,10.58,5
9.19,0.41,0.0,1.56,0.128,1.0,18.2,0.9937,3.02,0.67,11.9,5
6.47,0.446,0.13,0.9,0.056,3.1,29.6,0.999,3.3,0.51,10.08,5
8.46,0.585,0.03,0.9,0.012,12.2,13.2,0.9971,3.42,0.74,10.08,6
5.79,0.253,0.0,7.41,0.012,31.6,32.6,0.9988,3.34,0.67,11.2,6
7.9,0.57,0.2,0.9,0.056,14.7,91.4,0.9978,3.24,0.82,10.06,5
6.35,0.394,0.26,4.4,0.08,1.0,32.3,1.0012,3.36,0.93,10.93,6
8.17,0.684,0.49,2.43,0.063,13.3,47.4,0.9961,3.47,0.68,12.9,7
7.45,0.628,0.39,0.9,0.055,3.3,32.7,0.9967,3.29,0.52,9.35,5
6.28,0.605,0.38,0.9,0.114,1.3,14.7,0.9981,2.97,0.47,12.04,5
7.18,0.241,0.1,6.19,0.109,36.9,60.7,0.9961,3.48,0.95,9.87,6
6.71,0.511,0.44,0.9,0.096,12.2,44.0,0.9982,3.37,0.93,11.83,6
6.07,0.318,0.53,2.49,0.125,17.7,43.8,0.9911,3.31,0.81,11.13,7
10.14,0.523,0.34,2.43,0.056,14.9,29.9,0.9966,3.01,0.67,11.04,6
7.69,0.12,0.35,4.19,0.036,13.3,52.8,0.9965,3.27,0.8,10.24,6
4.6,0.253,0.03,2.87,0.062,7.1,40.8,0.9964,3.18,0.88,10.13,7
7.24,0.744,0.47,3.28,0.059,12.6,50.5,0.995,3.13,0.55,9.63,4
9.86,0.596,0.61,1.52,0.012,19.4,63.5,0.9984,3.29,0.67,10.41,5
7.01,0.466,0.33,1.27,0.061,30.8,57.4,0.9957,3.23,0.47,10.2,5
10.85,0.366,0.16,2.41,0.139,25.8,52.5,0.9971,3.24,0.64,10.6,6
6.84,0.335,0.24,1.1,0.125,3.1,62.7,0.9966,3.42,0.92,8.89,7
9.16,0.566,0.19,1.54,0.112,26.3,37.4,0.9977,3.35,0.84,10.42,5
10.06,0.468,0.2,2.08,0.093,20.9,21.9,0.9994,3.24,0.68,11.75,5
9.07,0.808,0.39,0.9,0.155,9.3,50.5,0.9971,3.22,0.33,11.41,5
5.96,0.497,0.32,1.95,0.037,17.8,35.2,0.9983,3.24,0.55,10.42,6
6.7,0.541,0.46,0.9,0.042,21.9,30.4,0.997,3.27,0.68,13.14,7
10.29,0.28,0.34,0.9,0.14,16.4,64.1,0.9957,3.4,0.62,9.78,5
6.93,0.465,0.11,0.9,0.088,20.9,48.0,0.9964,3.15,0.67,10.31,6
9.96,0.562,0.17,0.9,0.055,6.8,11.6,0.9962,3.53,0.7,8.85,6
7.57,0.463,0.16,0.9,0.113,36.8,105.5,0.9978,3.4,0.57,9.97,5
8.54,0.443,0.23,4.32,0.066,1.0,2.0,0.9969,2.9,0.66,12.31,7
5.94,0.589,0.61,1.74,0.048,22.0,50.2,0.9952,3.32,0.63,10.01,6
7.27,0.803,0.64,0.9,0.046,19.8,20.8,0.9963,3.47,0.54,8.77,4
6.81,0.556,0.43,10.13,0.102,22.7,58.1,0.9938,3.37,0.97,11.33,6
8.68,0.736,0.29,0.9,0.097,8.5,25.6,0.9963,3.25,0.58,10.82,5
8.46,0.642,0.01,1.13,0.158,28.2,74.6,0.9967,3.3,0.33,11.29,5
9.09,0.725,0.31,0.9,0.073,14.8,44.4,1.0001,3.34,0.96,10.08,5
7.47,0.42,0.12,2.42,0.073,3.4,60.5,0.9993,3.43,,9.32,5
6.72,0.493,0.58,1.99,0.155,4.4,25.8,0.9947,3.1,0.81,10.2,6
8.61,0.494,0.0,2.53,0.133,17.2,18.2,0.9971,3.22,0.54,10.99,6
6.55,0.628,0.34,1.24,0.094,1.0,35.8,0.9971,3.56,0.76,10.32,6
10.13,0.673,0.1,10.03,0.014,34.8,59.8,0.9963,3.31,0.65,10.82,6
8.11,0.553,0.27,6.45,0.049,26.9,27.9,0.9964,3.54,0.83,9.83,5
7.75,0.688,0.4,4.88,0.037,35.1,44.0,0.996,3.76,0.62,10.85,6
9.09,0.429,0.46,0.9,0.089,34.0,49.2,1.0003,3.24,0.55,10.4,6
8.17,0.689,0.26,2.85,0.063,12.2,73.3,0.9959,3.13,0.7,9.64,4
5.48,0.713,0.41,6.75,0.162,6.8,50.9,0.9973,3.27,0.59,10.55,6
6.5,0.652,0.14,3.83,0.013,1.0,24.0,0.9919,3.47,0.33,9.99,5
10.1,0.554,0.32,0.9,0.032,11.6,51.1,0.9983,3.5,0.56,11.06,5
8.44,0.658,0.46,3.58,0.098,34.4,35.4,0.999,3.65,1.15,11.33,6
5.44,0.369,0.33,1.09,0.112,7.2,25.9,0.9947,3.3,0.35,10.94,6
8.9,0.566,0.17,2.13,0.012,13.7,51.7,0.9957,3.38,0.7,8.65,6
7.35,0.584,0.22,0.9,0.012,10.1,43.4,0.9976,3.2,0.62,9.37,6
6.81,0.291,0.46,0.9,0.075,19.8,39.1,0.9967,2.93,0.97,9.72,6
6.35,0.615,0.06,0.9,0.151,29.4,58.6,0.9976,3.3,0.47,9.55,5
10.0,0.305,0.09,1.66,0.176,1.0,37.8,0.9962,3.14,0.68,9.82,5
4.96,0.453,0.38,0.9,0.068,1.7,31.6,1.0002,3.41,0.78,11.39,6
6.88,0.537,0.19,0.98,0.079,31.5,78.7,0.9954,3.03,0.63,11.15,6
8.5,0.398,0.0,2.75,0.048,23.6,60.0,1.0018,3.2,0.53,9.95,5
10.98,0.545,0.53,3.29,0.117,13.2,53.4,0.9991,3.35,0.66,11.03,6
9.24,0.542,0.06,7.22,0.159,33.8,98.1,0.9983,3.37,0.61,10.75,5
6.86,0.382,0.23,4.09,0.146,1.6,48.1,0.9947,3.3,0.61,10.36,6
10.9,0.632,0.15,0.9,0.086,25.7,90.5,0.9984,3.59,0.82,11.63,6
6.0,0.392,0.21,2.99,0.048,15.2,31.7,0.9978,3.55,0.73,9.69,4
8.75,0.942,0.1,2.21,0.087,22.3,23.3,0.9927,3.21,0.75,10.46,6
9.13,0.51,0.41,1.27,0.152,1.0,28.2,0.994,3.55,0.72,9.28,5
6.8,0.319,0.29,4.33,0.068,13.2,38.7,0.9974,3.57,0.82,9.33,5
9.49,0.353,0.46,1.26,0.012,23.6,82.8,0.9964,3.29,0.88,8.94,5
7.43,0.737,0.15,2.64,0.07,15.2,22.6,0.9957,3.32,0.61,9.35,5
9.48,0.456,0.68,0.9,0.074,29.1,57.5,0.9988,3.3,0.8,10.49,5
5.17,0.285,0.0,2.71,0.012,28.7,66.8,0.995,3.21,0.44,10.08,5
8.87,0.684,0.0,1.52,0.098,5.8,37.8,0.9958,3.23,0.33,10.11,6
7.6,0.455,0.6,1.22,0.111,24.6,51.1,0.9955,3.51,0.97,10.08,6
10.25,0.648,0.36,1.52,0.174,5.5,42.6,0.9977,3.38,0.6,12.3,7
8.23,0.698,0.33,2.08,0.024,16.5,68.0,0.9934,3.23,0.7,9.18,5
10.42,0.579,0.35,5.4,0.121,22.8,83.5,0.9958,3.17,0.45,9.07,5
9.16,0.961,0.38,2.43,0.132,7.1,37.8,0.9934,3.2,0.44,9.5,4
8.08,0.22,0.33,2.52,0.111,24.2,37.8,0.9961,3.29,0.54,10.32,6
9.64,0.383,0.09,0.9,0.04,10.6,71.3,0.9981,3.45,0.77,10.95,6
9.65,0.484,0.43,4.27,0.037,9.8,18.3,0.9981,3.18,0.57,11.06,6
9.1,0.937,0.4,3.38,0.092,23.3,89.1,0.9953,3.45,0.6,11.41,5
4.6,0.854,0.54,0.9,0.091,7.1,64.0,0.9977,3.34,0.53,10.28,5
6.63,0.762,0.61,6.9,0.061,6.6,66.4,0.9963,3.33,0.86,9.98,6
10.65,0.387,0.33,0.97,0.148,26.8,70.5,0.9993,3.46,0.81,12.15,6
6.16,0.408,0.04,0.9,0.068,17.0,18.0,0.9965,3.44,0.58,8.4,5
9.8,0.381,0.61,7.31,0.012,1.0,10.2,0.9911,3.1,0.78,10.47,6
9.5,0.389,0.08,0.9,0.076,24.9,61.0,0.9984,3.15,0.62,10.86,6
7.07,0.799,0.33,2.05,0.11,11.6,28.1,0.9958,3.28,0.6,12.4,6
4.91,0.486,0.22,2.85,0.103,1.2,24.9,0.9962,3.36,0.65,8.62,5
7.33,0.51,0.19,0.9,0.103,1.0,43.3,0.9973,3.51,0.77,9.95,5
11.83,0.669,0.42,4.56,0.157,25.4,52.0,0.994,3.32,0.51,8.95,5
6.83,0.231,0.32,2.63,0.035,6.9,12.5,0.9968,3.57,0.75,8.48,4
6.95,0.539,0.37,2.48,0.067,2.8,50.6,0.9977,3.2,1.08,10.18,6
6.6,0.333,0.12,2.41,0.16,22.6,62.9,0.9974,3.23,0.69,11.29,5
10.37,0.477,0.24,1.96,0.012,24.4,49.4,0.9956,3.26,0.67,11.69,7
7.89,0.424,0.12,3.8,0.084,7.6,51.9,0.9986,3.19,0.65,9.83,5
7.24,0.415,0.23,0.9,0.145,25.5,57.4,0.9948,3.48,0.74,11.11,5
10.7,0.571,0.25,1.51,0.144,37.5,94.1,0.9955,2.89,0.39,10.19,5
9.29,0.57,0.62,1.38,0.118,30.0,63.1,0.9964,3.23,0.95,11.0,6
6.74,0.49,0.22,1.56,0.119,28.4,84.9,0.9973,3.48,0.83,11.64,6
6.22,0.597,0.0,3.38,0.038,19.2,20.2,0.9961,3.26,0.55,10.19,5
10.27,0.374,0.54,2.68,0.152,11.2,50.4,0.999,3.47,0.67,11.55,6
8.33,0.653,0.36,1.7,0.031,15.3,37.4,0.9973,3.64,0.57,9.1,6
5.67,0.493,0.25,2.07,0.033,20.5,33.3,0.9968,3.32,0.71,11.1,6
5.27,0.443,0.19,3.61,0.105,2.7,55.9,0.9972,3.49,0.67,11.51,7
6.4,0.387,0.09,6.14,0.064,7.8,55.6,0.9981,3.67,0.7,11.4,6
6.19,0.487,0.64,0.9,0.097,1.0,2.0,0.9972,3.37,0.49,9.13,6
4.82,0.867,0.28,4.18,0.107,18.4,62.7,0.9933,3.3,0.58,10.18,5
6.43,0.519,0.0,1.15,0.171,16.8,58.7,0.9988,3.45,0.85,10.72,5
6.74,0.324,0.33,4.95,0.107,9.0,24.6,0.9969,3.49,0.57,10.87,5
7.51,0.695,0.5,2.57,0.058,24.5,37.8,0.998,3.3,0.33,10.52,5
11.18,0.445,0.3,0.9,0.119,4.9,5.9,0.9959,3.24,0.63,11.93,6
7.85,0.581,0.1,2.77,0.048,8.7,31.9,0.9932,3.57,1.07,9.01,6
8.02,0.421,0.08,1.31,0.13,24.1,50.5,0.9924,3.27,0.8,10.14,5
9.17,0.761,0.1,0.92,0.09,25.7,71.6,0.9949,3.49,0.56,8.59,4
7.9,0.424,0.56,2.38,0.106,7.5,42.9,0.9977,3.35,0.65,11.06,6
8.98,0.782,0.26,1.43,0.012,18.3,27.1,0.9992,3.58,0.78,10.99,6
8.78,0.341,0.0,0.9,0.012,7.7,42.5,0.9973,3.18,0.36,13.98,7
8.51,0.477,0.34,5.74,0.016,13.8,38.7,0.9947,3.18,0.51,11.5,7
13.0,0.782,0.3,1.59,0.169,17.4,28.7,0.9952,3.44,0.73,10.75,5
9.85,0.56,0.18,0.9,0.033,21.8,22.8,0.9993,3.14,0.93,10.67,6
6.46,0.939,0.08,0.9,0.121,19.2,61.7,0.9942,3.33,0.59,10.06,6
8.93,0.482,0.07,1.48,0.057,18.8,57.7,1.0007,3.54,0.93,10.54,7
6.95,0.576,0.48,7.33,0.076,4.6,45.7,1.0003,3.04,0.53,10.7,6
9.06,0.873,0.32,2.21,0.085,20.0,35.4,1.0008,3.37,0.33,8.4,5
5.96,0.257,0.36,0.9,0.164,21.7,55.1,0.9974,3.49,0.79,10.61,6
6.42,0.235,0.32,0.9,0.114,23.1,25.6,0.9961,3.31,0.75,10.51,5
8.88,0.387,0.33,3.75,0.105,8.3,18.6,0.9974,3.17,0.79,12.28,6
10.0,0.676,0.18,0.9,0.148,25.5,56.2,0.9984,3.27,0.78,10.26,6
9.15,0.24,0.23,4.18,0.057,2.1,37.3,0.9955,3.18,0.69,9.58,6
9.75,0.637,0.49,0.9,0.137,11.4,12.4,0.9946,3.32,0.62,10.69,5
8.94,0.625,0.54,3.72,0.129,13.0,21.9,0.9962,3.27,0.62,10.48,6
8.59,0.893,0.04,0.92,0.129,2.6,25.3,0.9952,3.23,0.58,10.26,5
7.44,0.718,0.23,1.74,0.08,12.8,62.0,0.9991,3.38,0.59,9.03,5
9.68,0.596,0.43,1.73,0.066,18.2,32.0,0.9955,3.55,0.35,10.23,6
10.04,0.775,0.63,1.7,0.046,1.0,33.8,0.9969,3.36,0.45,9.78,5
8.19,0.627,0.61,2.74,0.049,11.8,46.7,0.9986,3.51,0.63,10.17,6
8.1,0.447,0.12,0.9,0.044,1.0,26.0,0.9991,3.55,0.33,11.18,7
11.01,0.324,0.51,0.92,0.104,37.3,72.7,0.9971,3.22,0.33,9.68,6
8.27,0.428,0.28,0.9,0.076,18.1,21.2,0.9974,3.35,0.6,10.16,5
8.43,0.523,0.47,5.94,0.107,17.2,34.1,0.9948,3.25,0.64,10.98,6
9.12,0.562,0.42,1.51,0.11,18.3,77.0,0.9986,3.09,0.61,10.11,6
8.13,0.146,0.03,3.47,0.037,22.2,82.3,0.9991,3.36,0.33,13.19,7
6.91,0.49,0.37,0.9,0.036,26.2,73.0,0.9931,3.15,0.92,10.67,5
8.94,0.535,0.46,0.9,0.076,1.0,53.0,1.0,3.38,0.42,9.07,5
8.23,0.629,0.27,1.68,0.051,29.7,30.7,0.9954,3.08,0.52,9.5,5
11.43,0.823,0.22,1.67,0.046,29.0,40.0,0.9978,3.34,0.45,9.39,5
9.64,0.563,0.0,1.13,0.167,15.2,39.0,0.9968,3.07,0.88,9.52,5
7.29,0.366,0.4,2.07,0.015,14.7,93.0,0.9966,3.41,0.73,10.97,7
9.54,0.203,0.31,0.9,0.182,1.0,24.7,0.9963,3.25,0.58,9.22,5
8.82,0.654,0.09,6.01,0.101,2.8,47.7,0.9948,3.24,0.57,10.05,6
10.53,0.374,0.21,0.9,0.133,21.3,58.9,0.9977,3.48,0.69,11.62,5
7.41,0.686,0.3,2.65,0.128,28.5,65.6,0.9962,3.26,0.45,9.84,5
8.62,0.782,0.16,6.51,0.116,23.6,53.1,0.9942,3.33,0.72,11.12,6
8.13,0.252,0.27,0.9,0.165,15.1,21.1,0.9947,3.28,0.57,8.6,5
8.4,0.63,0.0,2.65,0.036,36.1,37.1,0.9942,3.39,0.75,10.0,6
6.8,0.763,0.53,0.9,0.08,26.5,82.1,0.9957,3.47,0.74,9.45,5
9.28,0.713,0.27,4.42,0.047,11.8,29.4,0.9976,3.44,0.56,10.72,6
9.01,0.153,0.06,0.9,0.012,38.8,39.8,0.9953,3.24,0.33,9.29,5
10.48,0.376,0.0,2.01,0.056,4.4,43.1,0.9986,3.49,0.62,12.61,7
8.28,0.3,0.47,3.7,0.175,1.0,39.4,0.9965,3.17,0.41,8.65,4
7.6,0.624,0.38,1.23,0.079,11.5,56.8,0.9962,3.2,0.67,11.62,6
9.64,0.604,0.31,3.17,0.18,7.9,60.2,0.9967,3.29,0.62,11.34,6
6.95,0.12,0.43,8.72,0.185,12.1,23.7,0.9994,3.47,0.56,10.73,6
10.14,0.476,0.43,0.9,0.228,24.3,36.8,0.9941,3.13,0.44,10.46,4
10.14,0.674,0.31,3.87,0.177,15.5,39.2,0.9998,3.44,0.86,12.38,6
10.44,0.557,0.22,8.93,0.198,15.8,62.2,0.9985,3.3,0.58,13.04,6
8.94,0.556,0.19,1.6,0.102,16.5,17.5,0.9967,3.24,1.06,10.18,6
7.47,0.464,0.35,0.9,0.098,1.0,33.6,0.9989,3.47,0.67,10.57,6
8.49,0.339,0.54,1.29,0.101,1.0,49.6,0.9961,3.19,0.72,9.81,4
8.95,0.527,0.25,0.9,0.087,11.9,59.7,0.9972,3.65,0.67,9.15,6
7.35,0.539,0.55,4.15,0.094,7.0,51.2,0.9957,3.28,0.72,10.9,6
10.57,0.641,0.34,3.02,0.122,13.5,64.7,0.9985,3.33,0.85,10.67,6
9.29,0.655,0.34,1.08,0.065,30.6,31.6,0.9954,3.54,0.85,8.68,5
6.78,0.545,0.73,0.9,0.022,15.1,77.4,0.9966,,0.36,10.89,6
11.5,0.727,0.58,7.07,0.104,2.0,38.6,0.998,3.49,0.81,10.7,6
8.47,0.463,0.59,0.95,0.054,7.6,64.3,0.9987,3.02,0.74,9.76,6
6.44,0.27,0.12,4.26,0.059,33.9,40.4,0.9951,3.24,0.67,9.69,6
6.89,0.616,0.69,3.26,0.08,32.0,33.0,0.9981,3.37,0.95,10.85,6
10.83,0.553,0.25,5.03,0.07,22.2,87.9,0.9948,3.47,0.96,12.12,6
11.4,0.619,0.23,2.08,0.139,1.0,12.5,0.9926,3.43,0.81,10.83,6
10.02,0.302,0.0,3.22,0.079,19.1,42.9,0.9953,3.41,0.57,11.24,5
10.54,0.852,0.33,1.11,0.142,19.9,60.5,0.9983,3.47,0.46,9.51,5
10.37,0.658,0.06,2.69,0.097,16.2,61.6,0.9967,3.38,0.79,9.96,6
9.25,0.478,0.35,6.7,0.083,9.9,61.5,0.9957,2.99,0.89,11.05,7
8.86,0.362,0.05,1.17,0.094,12.1,46.6,0.9968,3.53,0.33,8.95,6
9.22,0.724,0.61,0.9,0.026,9.2,18.1,0.9967,3.18,0.84,10.62,6
9.55,0.332,0.37,0.9,0.103,3.9,48.0,0.9979,3.36,0.62,10.93,6
7.04,0.937,0.7,5.42,0.127,30.2,74.7,0.9936,3.34,0.35,10.36,5
9.54,0.42,0.08,8.57,0.134,25.2,26.2,0.9965,3.32,0.74,10.74,6
10.78,0.84,0.56,4.65,0.023,12.9,71.3,0.9969,3.14,0.81,10.46,6
7.95,0.497,0.0,1.16,0.016,19.6,20.6,0.9941,3.02,0.6,9.73,5
7.77,0.815,0.31,1.2,0.062,20.0,70.7,0.9941,3.16,0.48,9.14,5
9.11,0.398,0.15,1.26,0.152,40.5,57.8,0.996,3.43,0.95,10.3,6
7.2,0.533,0.18,5.13,0.097,25.1,69.2,0.9967,3.09,0.55,11.8,6
6.06,0.675,0.17,3.67,0.051,24.7,64.9,0.9967,3.18,0.86,11.5,5
10.25,0.649,0.1,2.04,0.019,16.3,45.6,0.9956,3.37,0.4,10.03,6
7.53,0.728,0.03,0.9,0.055,11.3,50.4,0.9956,3.16,0.73,10.01,6
8.33,0.442,0.19,0.9,0.052,30.4,58.7,0.9959,3.23,0.73,9.93,6
7.26,0.545,0.29,4.66,0.131,22.7,67.0,0.9973,3.32,0.81,9.93,6
10.47,0.755,0.49,0.9,0.135,7.2,80.9,0.9991,3.35,0.91,10.71,5
9.75,0.403,0.33,0.96,0.038,20.7,23.8,0.9925,3.15,0.52,11.53,6
7.89,0.633,0.49,1.63,0.122,24.7,25.7,0.9979,3.33,0.75,12.82,6
6.29,0.491,0.0,1.51,0.118,1.0,22.7,0.9965,3.37,,9.51,5
7.71,0.567,0.19,4.71,0.032,6.2,26.5,0.9977,3.12,0.43,11.1,5
9.27,0.545,0.41,0.9,0.083,19.7,42.2,0.999,3.34,0.56,10.98,5
8.62,0.388,0.34,5.08,0.103,1.0,12.5,0.9953,3.2,0.73,10.05,5
8.49,0.483,0.11,0.98,0.095,1.0,48.4,0.9985,3.33,0.95,9.3,6
8.66,0.556,0.45,2.9,0.012,13.1,15.4,0.9943,3.42,0.98,10.69,6
9.59,0.512,0.17,4.23,0.093,21.1,60.1,0.9969,3.28,0.6,12.67,7
8.23,0.813,0.12,0.9,0.117,21.5,64.3,0.9962,3.45,0.71,10.69,5
9.07,0.712,0.36,0.9,0.161,32.5,68.8,0.9968,3.43,0.82,9.56,5
6.62,0.582,0.27,6.34,0.056,16.8,56.5,0.9948,3.45,0.79,10.23,6
12.64,0.393,0.17,2.18,0.061,12.0,61.0,0.9975,3.37,0.63,9.18,5
7.82,0.382,0.16,1.81,0.077,2.2,33.2,0.9997,3.48,0.67,10.42,5
8.65,0.885,0.07,0.9,0.101,11.9,34.9,0.9949,3.37,0.64,11.13,5
9.26,0.348,0.19,0.9,0.092,23.3,63.1,0.9971,3.06,0.62,9.66,5
7.6,0.55,0.48,1.3,0.115,23.8,65.8,0.9983,3.19,0.6,8.4,5
8.31,0.595,0.32,4.55,0.034,18.7,66.5,0.9961,3.28,0.64,10.7,6
8.29,0.474,0.45,3.38,0.106,21.6,22.6,0.9993,3.3,0.59,9.86,5
6.75,0.35,0.37,0.9,0.052,29.3,55.6,0.9959,3.36,0.47,9.6,5
9.05,0.389,0.15,2.49,0.08,16.7,25.4,0.9965,3.19,0.81,9.59,6
5.5,0.432,0.0,0.9,0.167,30.3,71.5,0.9948,3.61,0.75,10.83,6
11.28,0.402,0.09,4.66,0.021,8.3,52.8,0.9969,3.29,0.98,9.96,5
9.65,0.769,0.14,1.78,0.074,15.1,39.6,0.9967,3.31,0.72,11.4,4
9.39,0.528,0.13,0.9,0.027,10.9,26.3,0.9979,3.21,0.59,11.42,6
5.35,0.436,0.46,2.21,0.094,24.2,66.2,0.9955,3.16,0.55,10.11,5
6.95,0.549,0.45,1.23,0.136,5.2,32.6,0.9954,3.29,0.67,9.84,5
10.66,0.65,0.69,2.01,0.095,12.5,71.1,0.9976,3.31,0.75,10.54,6
15.36,0.468,0.12,5.44,0.082,1.0,66.5,0.9994,3.3,0.62,10.24,5
10.33,0.692,0.57,4.4,0.149,22.1,72.2,0.9979,3.56,0.41,8.52,4
10.06,0.301,0.57,4.26,0.103,29.0,63.6,1.0002,3.29,0.53,12.45,8
9.19,0.741,0.23,4.82,0.126,25.5,92.0,0.9978,3.3,0.66,11.16,6
6.86,0.528,0.36,1.14,0.121,24.4,59.2,0.9977,3.43,0.79,9.9,5
9.99,0.521,0.51,9.98,0.012,24.7,45.1,0.998,3.28,0.41,8.4,5
6.43,0.405,0.26,1.38,0.083,23.2,39.7,0.9995,3.39,0.71,10.21,6
6.24,0.309,0.24,12.39,0.036,22.4,38.3,0.9991,3.12,0.7,9.77,6
6.14,0.23,0.15,1.1,0.048,23.0,52.9,0.9946,3.12,0.58,10.34,5
9.96,0.393,0.0,0.9,0.156,9.0,48.3,0.9982,3.33,0.56,8.4,5
8.2,0.636,0.28,1.81,0.069,13.8,15.5,0.9972,3.28,0.53,9.89,5
8.47,0.357,0.14,0.9,0.176,16.6,37.7,0.9963,3.19,0.68,9.96,5
8.27,0.251,0.07,2.15,0.021,12.4,46.6,0.9933,3.33,0.85,10.19,7
6.39,0.366,0.35,4.79,0.036,1.0,43.9,0.9938,3.34,0.86,10.15,6
7.16,0.461,0.0,0.9,0.123,2.9,32.4,0.996,3.2,0.47,10.46,5
7.25,0.468,0.42,4.67,0.071,18.3,53.2,0.9939,3.23,0.63,12.03,7
5.91,0.507,0.36,2.11,0.101,25.4,30.6,0.996,3.34,0.33,9.85,5
7.44,0.716,0.19,1.16,0.082,16.0,27.8,0.9981,3.16,0.68,9.43,4
6.46,0.755,0.26,6.67,0.08,44.9,73.7,0.9956,3.22,0.76,8.55,6
9.28,0.891,0.04,0.9,0.073,6.2,46.5,0.9969,3.39,0.93,9.85,5
9.42,0.238,0.41,2.42,0.095,20.6,55.2,0.9947,3.31,0.36,8.9,4
6.1,0.376,0.31,1.59,0.117,29.5,42.5,0.9973,3.24,0.48,11.43,5
7.8,0.656,0.32,2.49,0.163,27.1,52.4,0.9977,3.17,0.68,10.3,6
11.46,0.448,0.37,5.18,0.077,22.8,83.0,0.994,3.16,0.38,11.41,5
6.63,0.685,0.15,3.27,0.068,27.1,68.0,0.9953,3.29,0.69,11.97,7
9.03,0.567,0.0,0.9,0.062,16.5,43.2,0.9943,3.61,0.77,9.47,5
8.48,0.814,0.45,0.9,0.156,33.4,42.8,0.9977,3.39,0.44,10.03,5
10.16,0.718,0.4,2.75,0.119,29.4,45.1,0.997,3.11,0.68,11.82,6
8.8,0.721,0.17,2.47,0.012,7.0,37.1,0.9966,3.42,0.45,10.6,6
7.57,0.456,0.35,0.9,0.012,19.3,54.8,0.9965,3.2,0.89,10.96,6
8.41,0.512,0.51,6.44,0.048,1.0,42.3,0.9973,3.31,0.7,11.51,6
8.44,0.475,0.49,5.61,0.098,31.9,69.6,0.9974,3.22,0.55,11.36,5
8.14,0.259,0.16,0.9,0.085,18.3,40.8,0.9958,3.61,0.45,10.84,6
6.06,0.795,0.0,0.9,0.111,30.1,49.8,0.9955,3.14,0.73,11.89,5
10.41,0.664,0.02,1.06,0.079,14.8,85.7,0.9966,3.36,0.89,10.33,6
10.11,0.468,0.21,1.55,0.153,1.0,19.9,0.9963,3.21,0.53,10.96,6
6.52,0.765,0.55,1.01,0.123,43.6,47.8,1.0006,,0.59,10.21,5
7.79,0.417,0.13,0.9,0.091,17.3,18.3,0.996,3.35,0.53,11.49,5
7.92,0.199,0.16,0.9,0.141,5.4,28.3,0.9973,3.5,0.92,9.65,5
6.33,0.711,0.15,2.48,0.012,27.9,76.7,0.9976,3.42,0.34,8.6,5
5.13,0.3,0.17,3.5,0.083,37.3,55.8,0.9994,3.21,0.88,11.1,7
7.16,0.495,0.27,2.2,0.093,13.8,73.3,0.9952,3.75,0.6,9.31,5
7.69,0.567,0.03,0.9,0.115,14.9,44.7,0.9992,3.39,0.65,9.2,6
5.85,0.599,0.48,2.96,0.012,18.4,70.6,0.9964,3.23,0.6,11.75,6
8.6,0.683,0.24,0.9,,4.2,19.1,1.0015,3.34,0.7,11.43,5
10.28,0.635,0.74,10.56,0.106,8.6,23.8,0.9974,3.4,0.54,10.03,5
9.73,0.629,0.05,4.6,0.109,34.6,66.4,0.9944,3.4,0.84,8.4,4
8.08,0.388,0.57,0.9,0.143,14.5,54.2,0.9963,3.38,0.85,10.97,5
5.17,0.583,0.53,0.9,0.123,7.1,33.5,0.9992,3.45,0.49,11.11,6
9.52,0.259,0.19,1.02,0.084,11.2,47.0,0.9969,3.44,0.77,10.95,6
8.55,0.811,0.19,2.45,0.119,27.2,68.9,0.9966,3.18,0.6,10.9,6
9.02,0.278,0.09,2.98,0.078,1.0,2.6,0.9981,3.63,0.67,10.21,6
11.59,0.468,0.1,0.9,0.094,18.6,41.8,0.996,3.61,0.92,9.96,6
6.9,0.293,0.27,2.24,0.124,41.8,61.4,0.9963,3.43,0.55,9.22,5
4.6,0.399,0.27,0.9,0.085,37.2,57.8,0.9949,,0.82,9.65,6
6.51,0.532,0.0,3.71,0.104,21.9,60.1,1.0,3.32,0.74,10.74,5
9.13,0.435,0.71,1.94,0.132,29.7,49.6,0.9944,3.26,0.63,10.76,5
8.35,0.736,0.22,1.84,0.12,29.6,30.6,0.997,3.28,0.72,11.25,6
6.23,0.571,0.28,1.38,0.145,14.6,39.8,0.9976,2.98,0.7,8.9,5
5.89,0.447,0.15,4.32,0.196,25.6,34.3,0.9967,3.54,0.46,8.62,4
7.7,0.506,0.22,5.66,0.12,34.7,74.6,0.9943,3.49,0.56,9.99,5
6.18,0.75,0.2,0.9,0.065,2.6,48.7,0.9948,3.06,0.48,9.31,5
9.19,0.694,0.27,1.04,0.111,22.0,23.0,0.9977,3.44,0.61,10.6,5
7.6,0.325,0.27,0.9,0.109,19.7,34.2,0.9952,3.31,0.89,9.0,6
7.23,0.407,0.42,0.91,0.116,17.0,54.1,0.9928,3.28,0.76,11.66,7
7.01,0.615,0.31,0.9,0.157,16.1,17.9,0.9974,3.38,0.42,9.52,4
8.75,0.594,0.4,0.9,0.012,18.3,64.0,0.995,3.05,0.61,12.1,6
8.37,0.341,0.27,0.9,0.158,19.2,70.2,0.9979,3.31,0.7,10.96,7
8.64,0.665,0.31,3.22,0.174,27.6,54.4,0.9963,3.32,0.79,9.27,5
8.61,0.37,0.22,1.19,0.114,20.9,35.4,0.9962,3.32,0.55,12.64,6
8.18,0.765,0.46,2.98,0.115,14.0,15.0,0.9968,3.1,0.45,10.68,6
6.54,0.625,0.33,1.29,0.076,7.1,53.4,0.9945,3.38,0.65,10.58,5
7.06,0.326,0.24,1.43,0.087,10.9,81.0,0.9951,3.47,0.76,10.33,6
7.63,0.435,0.23,2.13,0.12,18.6,84.6,0.9962,3.37,0.7,10.9,5
11.81,0.432,0.25,0.9,0.117,8.5,34.6,0.9945,3.28,0.51,10.96,5
6.01,0.559,0.28,3.02,0.121,25.8,34.0,0.9981,3.71,0.96,9.47,6
7.59,0.493,0.26,0.9,0.116,20.4,67.2,0.9961,3.17,0.64,10.17,6
8.47,0.324,0.16,0.9,,27.9,55.4,0.9939,3.43,0.69,10.52,6
7.78,0.279,0.42,0.9,0.124,9.2,48.8,0.9956,3.35,0.55,11.02,5
10.13,0.629,0.43,2.27,0.039,7.2,43.2,0.9969,3.61,0.85,11.04,6
7.78,0.582,0.61,0.9,0.126,27.8,59.7,0.9959,3.37,0.76,10.58,6
7.9,0.549,0.16,1.95,0.174,17.3,67.8,0.9975,3.4,0.71,9.81,5
9.68,0.579,0.4,1.69,0.086,13.8,65.1,0.9978,3.39,0.46,9.76,6
11.38,0.419,0.0,1.34,0.157,23.2,42.8,1.0013,3.15,0.85,9.13,5
10.69,0.563,0.43,0.9,0.044,22.8,34.4,0.9989,3.18,0.79,11.03,6
8.07,0.987,0.0,0.9,0.086,2.7,3.7,0.9936,3.27,0.83,9.74,6
8.22,0.741,0.08,1.33,0.057,30.4,53.5,0.996,3.45,0.67,10.19,5
8.38,0.478,0.33,3.2,0.152,11.6,19.7,0.9962,3.34,0.65,10.65,5
8.55,0.436,0.15,0.9,0.164,33.8,72.1,0.9978,3.28,0.63,10.4,5
6.86,0.12,0.13,1.01,0.082,1.9,25.2,0.9949,3.52,1.05,10.39,6
9.89,0.722,0.18,1.34,0.142,19.2,44.7,0.9957,3.01,0.57,9.43,5
8.65,0.672,0.41,1.43,0.165,14.0,60.2,0.9943,3.12,0.46,10.69,4
8.22,0.432,0.09,0.9,0.085,1.0,38.9,0.9956,2.94,0.6,10.07,6
6.14,0.272,0.26,1.42,0.093,22.8,50.5,0.9956,3.49,0.57,10.31,6
8.41,0.322,0.2,4.93,0.121,1.0,64.7,0.9961,3.3,0.87,11.64,7
5.08,0.61,0.43,0.9,0.047,12.8,57.6,0.9944,3.45,0.43,10.94,7
7.31,0.514,0.43,1.95,0.092,27.5,49.2,0.9986,3.29,0.56,9.79,5
7.34,0.654,0.0,4.81,0.188,10.3,32.9,0.9976,3.46,0.69,10.24,5
8.79,0.546,0.47,8.45,0.063,6.4,52.2,0.9939,3.29,0.88,12.11,6
11.5,0.704,0.15,2.64,0.127,24.3,58.4,0.9967,3.37,0.78,10.07,5
9.27,0.597,0.31,1.32,0.112,13.3,20.9,0.9937,3.35,0.94,10.44,6
10.76,0.679,0.09,0.9,0.079,11.6,59.5,0.9993,3.36,0.72,11.11,5
9.4,0.154,0.34,0.9,0.097,29.3,84.4,0.9998,3.56,0.63,10.63,6
10.21,0.308,0.75,0.9,0.169,3.6,57.3,0.9966,3.07,0.81,10.0,5
11.46,0.464,0.29,1.14,0.113,11.1,71.9,0.9951,3.3,0.43,9.6,4
7.06,0.724,0.18,6.68,0.12,25.0,96.4,0.9954,3.34,0.37,10.39,5
6.94,0.868,0.23,1.68,0.162,3.0,67.6,0.9958,3.32,0.83,11.1,5
9.44,0.5,0.0,2.01,0.073,34.5,71.4,0.9965,3.25,0.7,11.81,7
8.29,0.42,0.55,2.3,0.038,13.6,39.5,0.9993,3.23,0.82,8.83,5
8.67,0.178,0.33,0.9,0.17,25.1,26.1,0.9985,3.54,0.52,12.29,6
7.88,0.685,0.07,0.9,0.093,25.1,55.3,0.9985,3.3,0.88,10.09,5
7.29,0.431,0.08,0.9,0.129,14.3,54.7,0.997,3.68,0.77,11.39,6
11.06,1.063,0.27,5.88,0.051,10.9,41.7,0.9945,3.39,0.65,9.61,5
6.43,0.397,0.45,0.9,0.105,15.4,16.4,0.9952,3.27,0.7,8.68,6
9.47,0.909,0.05,0.9,0.035,23.4,47.7,0.9968,3.39,0.72,9.0,5
9.19,0.665,0.48,0.94,0.09,5.5,48.4,0.9944,3.33,0.51,10.05,5
5.62,0.345,0.25,2.64,0.057,3.3,12.7,0.9973,3.51,0.59,10.96,7
6.89,0.572,0.09,2.06,0.046,31.5,64.8,0.9982,3.13,0.72,10.43,6
7.17,0.669,0.18,2.63,0.073,8.2,46.8,0.9977,3.04,0.59,10.13,6
9.26,0.489,0.6,2.51,0.012,19.6,72.0,0.9977,3.36,,11.6,6
7.68,0.681,0.01,2.5,0.032,13.8,78.0,0.9932,3.44,0.71,10.4,6
8.15,0.677,0.13,0.9,0.124,14.2,36.7,0.9992,3.35,0.8,10.7,5
5.82,0.637,0.45,9.62,0.103,30.9,64.6,0.9937,3.41,0.84,13.73,6
12.25,0.527,0.31,3.38,0.037,15.0,49.3,0.9964,3.39,0.75,10.39,7
8.42,0.319,0.12,0.9,0.113,12.2,55.1,0.9979,3.09,0.8,9.66,5
9.15,0.516,0.45,3.73,0.046,13.1,53.8,0.9974,3.35,0.83,10.91,6
7.38,0.562,0.46,5.8,0.121,10.6,69.1,0.9943,3.51,0.67,11.19,5
7.19,0.192,0.33,6.57,0.082,8.9,9.9,0.9946,3.34,0.33,10.72,5
11.55,0.56,0.15,5.07,0.072,10.7,49.0,0.9972,3.11,0.86,10.57,5
5.04,0.513,0.18,1.61,0.083,33.4,73.1,0.9977,3.26,0.51,11.99,6
8.77,0.297,0.32,0.9,0.207,23.4,48.7,0.9946,3.39,0.47,11.85,6
6.24,0.47,0.02,0.9,0.051,12.3,13.3,0.9974,3.58,0.47,10.27,6
7.61,0.474,0.52,7.11,0.098,26.2,55.0,0.9938,3.02,1.08,9.71,5
7.22,0.877,0.59,4.84,0.124,1.0,16.8,0.9979,3.36,0.73,10.86,5
6.62,0.57,0.23,1.5,0.042,30.3,93.9,0.995,3.17,0.48,9.71,6
8.36,0.716,0.34,1.26,0.012,29.5,67.0,0.9969,3.39,0.54,11.35,7
4.6,0.509,0.5,1.2,0.059,39.4,53.5,0.9965,3.4,0.66,10.85,6
7.76,0.193,0.64,2.41,0.123,26.5,27.5,0.9989,3.28,0.75,13.26,6
8.15,0.651,0.57,6.85,0.071,20.5,62.3,0.9972,3.4,0.71,11.98,7
5.99,0.412,0.0,0.9,0.076,29.5,73.4,0.9956,3.48,0.5,9.25,6
10.87,0.47,0.21,3.25,0.13,9.3,35.0,0.9974,3.29,0.71,9.84,5
7.29,0.34,0.37,1.99,0.049,11.7,53.8,1.0008,3.11,0.56,8.4,6
7.9,0.543,0.18,1.94,0.083,15.2,38.3,0.9981,3.52,0.84,8.4,5
7.29,0.722,0.61,6.52,0.016,30.3,81.6,0.9966,3.43,0.67,10.52,6
8.16,0.698,0.58,5.34,0.102,6.9,56.8,0.9951,3.39,0.53,9.12,5
10.52,0.816,0.11,3.02,0.098,5.8,6.8,0.9955,3.21,0.78,12.16,6
12.5,0.841,0.24,1.23,0.124,18.4,20.5,0.998,3.46,0.73,11.64,6
9.57,0.162,0.13,1.92,0.033,23.4,94.1,0.995,3.62,0.58,10.11,7
10.15,0.315,0.23,0.9,0.078,8.5,57.2,0.9967,3.29,0.78,10.05,5
11.22,0.205,0.23,2.88,0.027,22.9,27.7,0.9994,3.32,0.77,11.99,6
8.72,0.644,0.45,5.42,0.075,30.3,31.3,0.997,3.15,0.86,12.23,6
10.97,0.405,0.1,1.44,0.157,28.5,62.7,0.9946,3.2,0.78,9.4,6
9.65,0.442,0.0,4.22,0.072,19.6,26.8,1.0008,3.15,0.62,9.26,4
8.54,0.491,0.0,0.9,0.023,14.9,38.6,1.0,3.33,0.37,10.08,5
8.9,0.599,0.07,3.07,0.055,34.1,63.2,0.9977,3.26,0.69,10.86,5
5.2,0.263,0.15,0.9,0.012,16.1,44.3,0.9991,3.37,0.72,9.85,5
8.8,0.303,0.31,0.9,0.026,25.8,78.3,0.9962,3.18,0.67,10.88,7
5.68,0.53,0.06,1.07,0.119,36.5,103.2,0.9981,3.28,0.33,12.49,6
5.54,0.746,0.04,1.71,0.019,24.7,45.1,0.9959,3.17,0.78,8.9,4
8.63,0.525,0.09,1.63,0.102,5.4,12.8,0.9941,3.34,0.5,9.92,5
6.41,0.388,0.06,6.35,0.088,2.9,40.7,1.0016,3.07,0.78,8.92,6
8.29,0.143,0.16,1.47,0.062,12.8,75.4,0.994,3.33,0.95,9.5,5
8.54,0.701,0.16,0.9,0.098,23.3,45.3,0.9973,3.27,0.62,10.08,6
8.61,0.398,0.4,0.9,0.043,20.6,67.6,0.9972,3.34,0.73,9.62,6
6.76,0.323,0.08,2.02,0.127,39.1,52.3,0.9977,3.06,0.67,10.96,6
9.83,0.221,0.2,2.37,0.054,20.5,50.9,0.9965,3.41,0.75,10.56,7
8.15,0.271,0.17,0.9,0.069,12.5,19.2,0.9965,3.27,0.68,10.72,6
9.05,0.357,0.42,2.0,0.063,4.0,34.2,0.997,3.34,0.57,10.07,6
6.27,0.487,0.24,1.15,0.119,28.3,56.0,0.9976,3.03,0.51,10.17,6
8.0,0.312,0.47,0.9,0.113,15.8,58.0,0.9967,3.12,0.93,10.02,6
10.17,0.563,0.05,2.66,0.012,1.0,66.6,0.9966,3.25,0.73,10.13,5
9.95,0.486,0.26,1.21,0.099,16.1,38.4,0.9942,3.52,0.8,10.85,5
6.94,0.93,0.16,2.66,0.012,5.4,6.4,1.0005,3.39,0.73,8.4,4
7.37,0.223,0.04,6.89,0.071,11.4,37.4,0.9977,3.33,0.83,10.71,6
6.62,0.559,0.26,0.9,0.082,16.0,52.0,0.9971,3.17,0.51,9.47,5
7.18,0.561,0.6,0.9,0.07,6.4,40.4,0.9955,3.14,0.67,10.04,6
5.92,0.344,0.11,5.88,0.111,10.8,37.6,0.9948,3.35,0.75,8.73,5
8.07,0.547,0.25,2.49,0.121,8.1,67.8,0.9983,3.42,0.88,10.02,6
9.38,0.669,0.02,0.9,0.051,8.4,41.1,0.9964,3.34,1.11,10.7,6
6.97,0.547,0.0,0.9,0.049,5.3,33.2,0.9979,3.57,0.73,10.89,6
8.15,0.779,0.12,2.62,0.085,10.8,25.3,0.9941,3.21,0.55,9.13,5
7.93,0.138,0.18,0.9,0.014,6.5,7.5,0.9996,3.34,0.46,10.84,7
10.09,0.378,0.19,1.3,0.065,22.1,58.6,0.9984,3.06,0.51,11.62,6
7.26,0.796,0.23,1.34,0.15,18.0,52.9,0.9965,3.34,0.53,9.87,5
7.32,0.694,0.0,7.8,0.016,28.4,37.3,0.9976,3.53,,10.4,5
6.86,0.627,0.15,1.17,0.071,35.7,64.8,0.9981,3.15,0.55,8.4,5
6.37,0.752,0.37,2.21,0.059,23.0,50.1,0.9942,3.44,0.78,9.44,5
9.2,0.185,0.01,2.77,0.181,20.6,38.1,0.9999,3.53,0.67,10.69,6
8.07,0.673,0.2,4.0,0.062,23.7,37.8,0.9976,3.21,0.62,11.42,6
8.39,0.722,0.33,1.1,0.064,20.8,58.9,0.9954,3.38,0.38,9.76,6
10.47,0.411,0.12,0.9,0.039,16.4,41.9,0.9946,3.55,0.84,13.26,7
10.56,1.003,0.33,0.9,0.087,15.6,33.8,0.9986,3.34,0.75,10.74,5
5.5,0.565,0.0,6.98,0.1,5.2,17.9,0.9971,3.43,0.66,9.04,5
9.4,0.135,0.44,0.9,0.045,24.7,52.1,0.9976,3.04,0.33,11.78,6
8.68,0.599,0.34,3.85,0.133,15.6,64.1,0.9968,3.4,0.58,9.06,5
7.52,0.4,0.28,0.9,0.1,31.1,65.3,0.9948,3.39,0.73,10.75,6
8.86,0.74,0.48,10.19,0.127,25.5,50.8,0.9977,3.11,0.66,9.41,4
5.37,0.629,0.21,1.98,0.072,9.3,45.5,0.9963,3.17,0.69,8.95,4
10.79,0.422,0.15,2.95,0.098,29.0,86.3,0.9967,3.4,0.78,11.43,6
9.18,0.8,0.53,0.9,0.077,1.0,40.8,1.0012,3.26,0.69,10.12,5
6.83,0.699,0.62,8.04,0.156,36.2,71.4,0.9984,3.48,0.77,12.25,5
7.3,0.381,0.14,0.9,0.092,1.8,44.6,0.9985,3.36,0.52,9.31,5
5.4,0.503,0.25,0.9,0.087,21.1,47.9,1.0019,3.32,0.45,8.73,5
7.77,0.623,0.47,8.04,0.065,20.4,54.1,0.9974,3.28,0.74,9.89,6
7.48,0.464,0.26,0.9,0.063,27.7,47.9,0.9969,3.35,0.78,13.49,7
6.05,0.47,0.38,0.9,0.098,12.4,13.4,0.9954,3.43,0.75,11.29,6
9.62,0.537,0.42,0.9,0.126,1.0,37.9,0.9958,3.39,0.68,10.99,5
10.47,0.338,0.16,1.66,0.055,12.5,49.4,0.9928,3.25,0.6,11.03,6
8.25,0.128,0.35,1.77,0.093,13.6,37.8,0.9982,3.5,0.7,9.88,6
7.78,0.573,0.27,7.1,0.096,1.0,51.7,0.9943,3.41,0.72,13.32,7
9.04,0.172,0.04,0.9,0.104,16.4,31.9,0.9984,3.37,0.73,10.89,6
8.27,0.351,0.08,6.39,0.012,4.6,5.6,0.9966,3.32,1.1,10.79,7
6.46,0.211,0.15,2.03,0.044,22.7,38.8,0.9969,3.39,0.5,11.45,6
7.19,0.233,0.45,0.9,0.023,13.3,14.3,0.9966,3.04,1.21,9.04,6
7.8,0.607,0.45,8.3,0.089,36.5,73.3,0.9993,3.35,0.45,9.46,5
8.72,0.49,0.41,5.64,0.045,13.2,28.2,0.999,3.56,0.73,10.14,6
8.32,0.483,0.35,0.91,0.064,20.4,70.1,0.9966,3.34,0.46,11.46,7
8.66,0.293,0.35,0.9,0.031,13.7,62.9,0.995,,0.71,9.01,5
5.71,0.412,0.32,1.63,0.068,1.0,12.5,0.9985,3.22,0.83,10.33,6
9.43,0.598,0.35,1.77,0.034,13.8,27.6,0.9948,3.38,0.67,10.18,5
8.31,0.521,0.36,2.87,0.123,23.8,64.5,0.9937,3.28,0.83,8.72,5
12.64,0.678,0.0,0.9,0.11,22.2,71.8,0.9976,3.51,,9.86,6
7.64,0.704,0.12,0.9,0.094,12.8,13.8,0.999,3.18,0.33,10.98,5
8.85,0.485,0.07,3.68,0.073,1.0,36.6,0.9959,3.24,0.77,8.81,7
13.11,0.197,0.48,9.29,0.012,22.7,23.7,0.9975,3.22,0.67,11.91,6
8.63,0.394,0.58,1.31,0.065,20.3,39.3,0.9959,3.59,0.58,10.9,6
8.19,0.512,0.0,6.24,0.051,24.8,76.6,0.9981,3.28,0.59,10.77,6
6.62,0.39,0.57,0.9,0.099,13.0,103.2,0.9988,3.23,0.73,10.41,6
10.9,0.34,0.29,2.34,0.116,1.0,26.2,0.9962,3.0,0.52,9.23,5
6.33,0.543,0.46,0.9,0.102,21.5,26.6,0.9947,3.17,0.72,9.7,6
9.03,0.967,0.37,5.06,0.146,15.8,35.5,0.9939,3.39,0.86,10.79,5
7.49,0.442,0.54,3.83,0.06,30.5,61.8,0.9985,3.39,1.01,9.7,5
7.98,0.529,0.31,1.0,0.058,16.2,32.8,0.9945,3.21,0.9,10.6,5
5.88,0.294,0.01,1.01,0.136,15.4,26.9,0.9974,3.22,0.69,9.44,6
10.58,0.754,0.25,2.94,0.095,20.3,41.7,0.9982,3.59,0.7,10.88,6
7.83,0.687,0.37,0.9,0.075,9.6,47.5,0.9957,3.71,0.59,10.96,5
6.23,0.675,0.23,1.19,0.174,9.1,35.7,0.9964,3.48,0.58,8.66,5
10.43,0.775,0.39,6.85,0.114,14.9,27.2,0.9986,3.54,0.81,10.47,4
7.44,0.453,0.26,8.04,0.078,6.2,22.8,0.9952,3.58,0.61,8.77,5
8.87,0.476,0.16,2.93,0.055,13.5,35.2,0.995,3.64,0.72,8.41,4
9.73,0.838,0.06,2.83,0.149,36.3,46.3,0.9963,3.26,0.5,9.76,5
9.11,0.644,0.2,1.28,0.097,26.8,42.7,0.9991,3.18,0.89,13.39,7
4.6,0.131,0.31,2.85,0.088,19.1,62.0,0.9998,3.59,0.61,11.23,7
9.48,0.612,0.0,0.9,0.119,32.2,57.6,0.9965,3.17,0.84,11.89,6
8.13,0.425,0.12,0.9,0.128,7.2,8.2,0.9953,3.16,0.54,11.05,6
7.74,0.692,0.0,10.45,0.113,42.0,92.5,0.9987,3.16,0.53,10.62,5
8.11,0.603,0.15,0.9,0.129,11.1,49.4,0.9935,3.29,0.89,11.36,5
5.56,0.217,0.5,1.38,0.108,36.9,39.3,0.9972,3.01,0.55,9.72,6
8.63,0.578,0.04,2.34,0.113,36.9,59.6,0.9966,3.1,0.39,10.9,6
5.98,0.568,0.4,1.33,0.053,1.0,15.2,0.9992,3.22,0.48,11.66,6
7.81,0.595,0.81,0.9,0.172,31.3,74.8,0.9994,3.13,0.81,11.15,6
8.57,0.634,0.55,2.07,0.029,12.9,35.5,0.9949,3.47,0.79,11.73,6
10.13,0.799,0.3,10.43,0.102,9.9,38.5,0.997,3.31,0.53,10.6,6
6.91,0.605,0.43,1.94,0.024,21.4,47.6,0.9956,3.4,0.55,12.21,6
10.77,0.534,0.01,3.0,0.082,5.3,6.3,0.9961,3.38,0.77,10.18,6
9.91,0.737,0.0,0.9,0.06,21.2,79.3,0.9979,3.28,0.88,12.67,7
7.57,0.934,0.28,2.32,0.093,6.0,49.3,0.9961,3.46,0.65,11.01,6
6.42,0.695,0.35,11.56,0.103,17.8,32.8,0.9971,3.38,0.75,9.99,5
5.85,0.567,0.48,9.99,0.042,29.9,63.8,0.9985,3.26,0.81,9.14,6
8.76,0.608,0.16,1.84,0.086,20.0,69.4,0.9996,3.06,1.03,9.54,6
7.05,0.576,0.31,2.41,0.153,12.1,43.2,0.9972,3.39,0.46,9.37,5
10.34,0.533,0.3,2.04,0.025,21.6,82.7,0.9969,3.12,0.55,10.31,6
7.14,0.92,0.25,1.64,0.047,1.1,89.5,0.9946,3.37,0.57,9.04,5
6.77,0.395,0.26,0.9,0.127,7.1,34.6,0.9997,3.32,0.8,11.78,6
8.7,0.738,0.11,0.9,0.091,11.4,29.7,0.9976,3.11,0.62,10.52,6
7.13,0.507,0.32,6.77,0.094,24.2,34.4,0.997,3.35,0.71,10.48,5
8.31,0.264,0.31,3.0,0.135,20.2,21.2,0.9969,3.34,0.68,9.15,6
9.98,0.496,0.19,0.9,,21.5,76.5,0.9974,3.34,0.66,9.58,6
8.5,0.432,0.4,1.99,0.063,15.6,38.5,0.9982,3.33,0.68,8.4,5
8.51,0.634,0.47,0.97,0.057,7.6,55.1,0.9984,3.21,0.84,12.13,6
8.65,0.546,0.4,2.79,0.071,31.5,83.1,0.9998,3.4,,8.88,5
5.42,0.346,0.07,3.84,0.15,8.6,17.0,0.9972,3.21,0.63,8.96,5
8.97,0.795,0.29,3.2,0.012,20.3,31.7,1.0,3.15,0.45,11.91,6
8.57,0.726,0.1,0.97,0.031,14.7,79.6,0.9987,3.41,0.7,10.81,5
9.82,0.815,0.29,3.36,0.023,21.8,50.4,0.9966,3.45,0.63,10.53,6
9.33,0.573,0.1,9.32,0.153,9.5,26.3,0.9935,3.4,0.84,10.76,6
7.96,0.524,0.51,8.54,0.058,27.0,36.0,0.9969,3.28,0.66,11.42,7
10.06,0.657,0.42,0.9,0.072,30.4,57.5,0.9997,3.02,0.58,10.51,5
7.8,0.426,0.49,4.31,0.012,26.3,86.5,0.9952,3.53,0.62,8.75,5
8.72,0.553,0.47,1.91,0.075,17.6,61.3,0.9969,3.02,0.95,11.18,6
7.77,0.498,0.22,0.9,0.128,11.3,45.0,0.997,3.4,0.39,10.85,6
9.08,0.267,0.19,2.38,0.099,45.5,107.3,0.9985,3.63,0.55,11.65,6
7.66,0.553,0.6,2.79,0.082,5.5,63.4,0.996,3.33,0.67,9.06,5
11.1,0.451,0.24,2.05,0.013,25.2,61.8,0.995,3.35,0.55,9.62,6
11.73,0.486,0.01,5.44,0.072,19.4,104.9,0.9978,3.37,0.74,10.82,6
9.79,0.595,0.46,0.9,0.094,15.2,40.3,0.9953,3.34,0.65,9.39,6
10.92,0.759,0.3,1.31,0.04,17.8,69.8,0.9932,3.66,0.7,8.4,5
5.68,0.377,0.56,0.96,0.118,10.5,32.7,1.0002,3.18,0.68,10.61,6
5.88,0.469,0.32,0.9,0.129,20.4,68.4,0.9985,3.16,0.64,11.36,6
7.75,0.392,0.27,0.9,0.062,19.2,44.3,1.0003,3.26,0.44,10.26,6
8.37,0.381,0.56,0.9,0.121,44.0,83.2,0.9984,3.57,0.69,10.99,5
7.96,0.423,0.0,6.48,0.082,27.1,104.9,0.998,3.22,0.36,10.83,6
5.51,0.495,0.16,2.48,0.141,21.3,70.4,0.9974,3.37,0.55,10.41,5
10.26,0.635,0.1,0.9,0.183,21.9,61.5,0.9963,3.47,0.74,10.55,4
11.96,0.588,0.0,0.9,0.036,35.2,49.7,0.9977,3.43,0.86,11.84,6
10.48,0.34,0.44,2.98,0.123,5.7,39.5,0.9956,3.46,1.06,9.37,6
10.15,0.763,0.16,12.19,0.148,14.0,23.8,0.9947,3.52,0.59,11.23,6
8.68,0.7,0.44,0.9,0.041,1.0,48.7,0.9961,3.36,0.51,9.14,4
6.87,0.368,0.34,3.12,0.06,21.8,69.0,0.9992,3.24,0.75,9.55,6
8.42,0.75,0.39,0.9,0.059,24.8,51.2,0.9944,3.33,0.98,11.68,7
11.88,0.589,0.18,0.9,0.081,5.4,68.7,0.9944,3.26,0.92,9.11,5
7.7,0.502,0.12,1.79,0.07,31.0,91.4,0.9978,3.69,0.48,10.14,6
7.53,0.594,0.29,0.9,0.078,8.4,41.3,0.9959,3.23,0.64,12.93,7
10.18,0.525,0.44,3.83,0.126,12.3,53.6,0.9976,3.38,0.8,11.5,5
10.3,0.628,0.26,0.9,0.012,17.2,35.4,0.9986,3.08,0.82,9.61,6
6.86,0.564,0.14,2.38,0.041,32.6,57.2,0.9976,3.33,0.76,9.79,6
7.86,0.469,0.04,6.0,0.118,6.9,15.3,0.9955,3.27,0.58,10.22,5
7.45,0.165,0.31,0.9,0.113,19.0,39.4,0.9991,3.41,0.76,11.8,7
8.42,0.625,0.16,0.96,0.037,24.0,51.9,0.9981,3.42,0.82,9.33,6
10.18,0.463,0.26,2.7,0.113,21.9,22.9,0.9968,3.52,0.5,9.26,6
6.93,0.67,0.22,1.14,0.149,22.3,63.8,0.9967,3.51,0.89,11.16,6
10.15,0.617,0.19,5.83,0.085,23.9,74.3,0.9974,3.3,0.83,8.6,6
8.47,0.467,0.33,0.9,0.04,10.1,39.9,0.9961,3.17,0.53,9.43,6
12.25,0.714,0.38,1.51,0.128,33.6,34.6,0.9936,3.19,,10.31,5
8.84,0.567,0.64,0.9,0.168,14.7,39.7,0.9981,3.36,0.8,10.36,5
8.14,0.559,0.41,3.08,0.045,13.3,15.5,0.998,3.33,0.8,8.94,6
9.28,0.505,0.57,1.13,0.089,30.1,47.9,0.9923,3.35,0.93,10.78,6
7.73,0.833,0.11,3.99,0.138,9.3,68.3,0.9977,3.23,0.66,10.99,5
5.25,0.402,0.0,1.8,0.092,19.3,20.3,1.0,3.53,0.72,9.69,6
7.89,0.472,0.27,1.78,0.012,8.3,22.0,0.9946,3.09,0.33,12.18,6
7.86,0.307,0.43,0.97,0.108,42.4,88.9,0.9966,3.22,0.85,10.76,6
5.59,0.661,0.4,0.9,0.041,40.1,56.1,0.9964,3.15,0.83,9.32,6
8.18,0.425,0.5,0.9,0.027,14.7,29.2,0.9999,3.28,0.89,12.13,6
4.79,0.445,0.0,1.15,0.012,21.4,92.0,0.9988,3.5,0.5,9.84,6
7.71,0.437,0.51,0.9,0.143,16.0,53.5,0.995,3.27,0.82,10.59,7
8.71,0.541,0.33,4.9,0.048,12.2,60.9,0.9974,3.33,0.83,9.88,5
8.46,0.305,0.0,5.49,0.103,17.2,57.0,1.0011,3.41,0.55,11.07,6
7.6,0.126,0.41,4.39,,15.5,48.7,0.9955,3.26,0.84,9.88,5
8.15,0.612,0.3,2.42,0.095,1.0,56.3,0.9967,3.37,0.74,9.95,5
6.97,0.15,0.34,2.76,0.101,18.7,86.8,0.9977,3.35,0.37,10.23,5
8.32,0.684,0.46,2.23,0.105,15.5,16.5,0.9955,3.14,0.76,9.86,6
8.4,0.811,0.35,1.11,0.093,19.2,48.5,1.0001,3.24,0.53,11.55,5
6.77,0.5,0.0,0.9,0.051,15.1,44.2,0.9958,3.36,0.38,9.05,6
8.76,0.764,0.24,4.2,0.047,12.1,33.5,0.9941,3.5,0.72,10.36,5
8.74,0.526,0.0,3.1,0.082,25.1,74.7,0.9957,3.5,0.65,10.5,6
8.02,0.818,0.39,0.9,0.081,21.5,56.6,0.9979,3.62,0.9,10.27,6
12.42,0.448,0.54,1.2,0.107,30.6,99.1,0.9952,3.38,0.69,11.44,5
8.06,0.12,0.03,5.08,0.139,21.1,73.1,0.9973,3.25,0.79,8.79,5
7.83,0.516,0.14,0.97,0.103,13.8,71.1,0.9978,3.3,0.75,11.01,6
7.58,0.837,0.1,1.57,0.049,22.4,28.4,0.9944,3.29,0.83,9.07,6
6.65,0.626,0.18,2.25,0.012,1.0,14.9,0.9956,3.25,0.51,9.86,5
9.47,0.437,0.35,1.52,0.051,38.0,53.5,0.9974,3.37,0.69,8.96,5
7.13,0.589,0.19,1.36,0.024,18.8,75.2,0.998,3.37,0.64,10.04,6
7.33,0.705,0.39,2.25,0.053,38.8,49.5,0.9957,3.13,0.77,9.78,6
7.38,0.515,0.47,3.52,0.098,6.8,18.0,0.997,3.47,0.7,12.15,6
6.63,1.003,0.48,2.59,0.091,4.2,11.7,0.9962,,0.56,10.66,5
5.32,0.437,0.06,6.71,0.174,19.7,104.8,0.9981,3.28,0.6,10.87,5
7.51,0.71,0.53,11.16,0.11,19.7,46.9,0.9977,3.48,0.94,9.21,5
9.78,0.667,0.55,0.9,0.177,19.5,60.0,0.996,3.4,0.37,11.19,5
8.63,0.404,0.57,2.94,0.121,17.9,25.0,0.9976,3.26,0.78,12.15,6
10.95,0.454,0.24,0.9,0.138,9.3,58.5,0.9959,3.61,0.87,11.33,6
9.58,0.713,0.13,1.86,0.07,1.0,2.0,0.9976,3.24,0.76,9.0,5
9.19,0.556,0.08,0.9,0.036,18.9,29.3,0.9976,3.01,1.0,9.9,6
11.5,0.591,0.06,1.32,0.066,2.4,17.8,1.0012,3.38,0.82,10.52,5
8.13,0.236,0.27,0.96,0.086,1.4,35.8,0.9961,3.04,0.73,9.78,5
8.41,0.648,0.43,2.54,0.057,11.9,26.0,0.9964,3.19,0.58,13.11,7
8.28,0.582,0.52,4.05,0.04,20.4,80.9,0.9955,3.4,0.73,9.88,5
10.92,0.518,0.18,0.9,0.107,36.8,76.8,0.9947,3.24,0.78,10.35,5
8.3,0.595,0.26,0.9,0.04,26.2,42.4,0.9958,3.4,0.66,9.76,5
7.2,0.456,0.25,4.51,0.015,30.9,80.9,0.998,3.14,0.53,10.65,6
9.3,0.423,0.15,1.17,0.034,22.8,44.9,0.9981,3.44,0.46,11.88,6
6.91,0.486,0.41,2.24,0.076,19.8,37.9,0.9973,3.06,0.69,10.52,6
9.21,0.446,0.34,0.9,0.04,42.2,90.1,0.9961,3.51,0.41,10.17,6
9.0,0.922,0.3,2.03,0.076,2.0,3.0,0.9958,3.24,0.58,9.25,5
7.98,0.694,0.34,0.97,0.115,11.6,56.3,0.995,3.54,0.33,11.69,6
9.26,0.356,0.39,1.07,0.114,12.4,28.1,0.9956,3.18,0.8,10.25,6
5.77,0.897,0.39,0.9,0.056,25.3,41.0,0.9942,3.6,0.86,10.2,5
8.58,0.452,0.11,3.1,0.026,5.6,74.8,0.9993,3.17,0.67,8.4,6
7.51,0.535,0.44,0.9,0.06,23.9,43.3,1.0002,3.04,0.97,10.26,6
13.17,0.692,0.32,4.82,0.118,22.0,71.1,0.993,3.32,0.89,9.97,5
8.56,0.175,0.19,1.11,0.129,24.4,60.0,0.9972,3.5,0.74,8.45,5
7.29,0.487,0.31,0.9,0.104,24.2,61.9,0.9972,3.43,0.64,11.46,6
5.96,0.427,0.34,3.17,0.143,32.1,57.0,0.9971,3.48,0.6,9.83,5
10.52,0.567,0.48,10.03,0.168,15.4,39.3,0.9956,3.43,0.76,12.43,6
7.7,0.597,0.07,0.9,0.064,21.5,82.0,0.9986,3.19,0.64,11.91,5
6.95,0.516,0.52,4.72,0.157,8.2,56.8,0.9975,3.42,0.75,9.63,4
8.87,0.508,0.27,4.49,0.075,5.8,25.8,0.9987,3.32,0.77,11.87,6
9.4,0.722,0.17,2.34,0.135,34.4,43.5,0.9953,3.2,0.62,12.12,6
9.38,0.584,0.17,5.2,0.12,7.4,25.7,0.9941,3.34,0.85,9.8,5
8.33,0.537,0.08,2.58,0.012,22.6,72.3,0.9975,3.3,0.62,9.3,6
8.57,0.557,0.0,7.29,0.042,21.5,75.0,0.9949,3.52,0.66,8.4,4
8.69,0.86,0.4,0.9,0.03,28.2,69.3,0.9987,3.23,0.49,10.81,6
8.87,0.561,0.65,3.92,0.012,1.0,2.0,0.9927,3.23,0.61,9.36,6
9.02,0.437,0.0,2.75,0.128,25.3,70.3,0.9958,3.21,1.03,10.84,7
10.16,0.186,0.09,11.65,0.184,15.3,71.4,0.9955,3.59,0.51,9.79,6
8.4,0.272,0.41,0.9,0.075,9.6,43.1,0.9961,3.21,0.73,9.57,5
6.91,0.446,0.26,1.39,0.127,13.3,82.9,0.9972,3.5,0.58,9.8,6
8.05,0.51,0.43,2.7,0.157,26.8,30.4,0.9975,3.16,0.33,9.01,6
9.58,0.43,0.25,1.67,0.097,23.6,67.3,0.9979,3.39,0.76,9.8,5
5.26,0.593,0.16,0.9,0.086,14.6,24.2,0.9981,3.35,0.57,9.61,6
5.27,0.428,0.23,1.01,0.075,3.9,55.1,0.9964,3.5,0.71,10.38,6
9.86,0.365,0.0,1.68,0.112,4.7,46.9,1.0007,3.47,0.83,10.51,6
10.88,0.64,0.05,0.93,0.128,23.8,89.8,0.9993,3.32,0.7,9.25,4
6.15,0.776,0.45,2.02,0.109,2.5,42.5,0.9961,3.23,0.72,11.58,6
8.47,0.331,0.5,2.72,0.107,14.7,36.6,0.9964,3.55,0.51,10.23,5
7.62,0.574,0.54,1.88,0.085,44.1,64.2,0.9961,3.21,0.78,12.01,7
7.86,0.187,0.35,1.25,0.012,20.7,45.7,0.9974,2.97,0.63,10.66,6
8.82,0.265,0.0,1.54,0.129,23.7,43.5,0.9949,3.03,0.33,10.47,5
6.1,0.424,0.15,4.84,0.027,4.8,61.7,0.9952,3.07,0.8,9.87,5
6.42,0.734,0.52,5.29,0.116,3.0,58.5,0.9926,3.4,0.85,11.06,6
7.79,0.39,0.58,0.9,0.123,24.3,25.3,0.9959,3.64,0.91,10.44,6
8.05,0.383,0.53,3.07,0.033,12.9,43.7,0.9987,3.0,1.03,11.32,6
6.39,0.536,0.23,0.9,0.058,28.2,59.5,0.9964,3.19,0.79,12.12,6
9.64,0.537,0.02,2.78,0.187,17.4,31.8,0.9965,3.32,0.75,9.62,5
7.59,0.389,0.26,0.9,0.083,53.2,92.0,0.9972,3.54,0.85,11.06,5
7.58,0.888,0.27,1.36,0.03,10.9,70.2,0.9948,3.19,0.51,11.03,6
8.78,0.482,0.57,0.9,0.125,20.0,67.8,0.9967,3.4,0.38,10.89,6
9.21,0.517,0.35,3.27,0.128,5.7,17.5,0.9921,3.38,0.67,10.15,5
4.73,0.692,0.24,1.5,0.104,26.4,65.6,0.9977,3.43,0.99,10.32,5
9.68,0.425,0.4,2.78,0.093,15.9,66.4,0.9985,3.34,0.75,9.29,6
8.8,0.721,0.17,2.47,0.012,7.0,37.1,0.9966,3.42,0.45,10.6,6
8.97,0.492,0.26,1.43,0.149,16.5,47.4,0.9972,3.47,0.68,11.69,6
9.57,0.773,0.12,0.9,0.142,13.5,37.1,0.9961,3.52,0.59,9.2,5
5.92,0.344,0.11,5.88,0.111,10.8,37.6,0.9948,3.35,0.75,8.73,5
7.51,0.535,0.44,0.9,0.06,23.9,43.3,1.0002,3.04,0.97,10.26,6
